SAMPLE	SYMBOL	counts
SampleA	GENE_ABD	1
SampleA	GENE_ABI	218
SampleA	GENE_ABW	401
SampleA	GENE_ABX	244
SampleA	GENE_ACK	4608
SampleA	GENE_ACX	186
SampleA	GENE_ADM	111
SampleA	GENE_AEC	226
SampleA	GENE_AHK	156
SampleA	GENE_AIS	5310
SampleA	GENE_AJC	269
SampleA	GENE_ALY	46645
SampleA	GENE_ANM	446
SampleA	GENE_ANV	2
SampleA	GENE_APC	363
SampleA	GENE_APF	1
SampleA	GENE_ASH	1
SampleA	GENE_AST	167
SampleA	GENE_ASW	185
SampleA	GENE_ASX	2
SampleA	GENE_ATO	294
SampleA	GENE_ATP	4407
SampleA	GENE_ATW	1
SampleA	GENE_AWC	534
SampleA	GENE_AYP	2
SampleA	GENE_AZD	4926
SampleA	GENE_AZE	446
SampleA	GENE_BAK	7139
SampleA	GENE_BCA	1
SampleA	GENE_BDI	4643
SampleA	GENE_BEG	274
SampleA	GENE_BEU	2
SampleA	GENE_BHN	5003
SampleA	GENE_BHV	179
SampleA	GENE_BHX	137
SampleA	GENE_BIH	347
SampleA	GENE_BIQ	3
SampleA	GENE_BKJ	3
SampleA	GENE_BKY	5894
SampleA	GENE_BLO	281
SampleA	GENE_BMQ	392
SampleA	GENE_BMZ	222
SampleA	GENE_BSD	1
SampleA	GENE_BSW	1
SampleA	GENE_BVF	4609
SampleA	GENE_BVU	264
SampleA	GENE_BWK	356
SampleA	GENE_BWV	492
SampleA	GENE_BYU	3
SampleA	GENE_BZY	2
SampleA	GENE_CAO	5132
SampleA	GENE_CBR	300
SampleA	GENE_CDF	4
SampleA	GENE_CDI	3
SampleA	GENE_CEH	139
SampleA	GENE_CEV	46509
SampleA	GENE_CEW	174
SampleA	GENE_CFJ	162
SampleA	GENE_CHB	411
SampleA	GENE_CHM	7802
SampleA	GENE_CJA	122
SampleA	GENE_CKD	3
SampleA	GENE_CKW	1
SampleA	GENE_CLR	253
SampleA	GENE_CNA	238
SampleA	GENE_CNJ	1
SampleA	GENE_CNT	512
SampleA	GENE_COF	365
SampleA	GENE_CPB	138
SampleA	GENE_CQV	1
SampleA	GENE_CSX	2
SampleA	GENE_CTN	5599
SampleA	GENE_CUQ	124
SampleA	GENE_CUZ	1
SampleA	GENE_CVY	4
SampleA	GENE_CVZ	3
SampleA	GENE_DAH	1
SampleA	GENE_DBT	8880
SampleA	GENE_DFC	3
SampleA	GENE_DGA	1
SampleA	GENE_DGJ	1
SampleA	GENE_DHA	1
SampleA	GENE_DHC	67372
SampleA	GENE_DHU	2
SampleA	GENE_DHW	2
SampleA	GENE_DKG	68061
SampleA	GENE_DMJ	349
SampleA	GENE_DOM	2
SampleA	GENE_DON	2
SampleA	GENE_DRZ	149
SampleA	GENE_DSA	1
SampleA	GENE_DTI	1
SampleA	GENE_DTO	197
SampleA	GENE_DVN	361
SampleA	GENE_DVQ	2
SampleA	GENE_DVY	361
SampleA	GENE_DWQ	8323
SampleA	GENE_DZT	220
SampleA	GENE_EAO	203
SampleA	GENE_EAP	426
SampleA	GENE_EBP	208
SampleA	GENE_EBS	1
SampleA	GENE_ECF	8029
SampleA	GENE_ECM	2
SampleA	GENE_ECP	179
SampleA	GENE_EDJ	309
SampleA	GENE_EDY	1
SampleA	GENE_EGQ	3
SampleA	GENE_EGT	3866
SampleA	GENE_EGW	2
SampleA	GENE_EHF	186
SampleA	GENE_EIN	1
SampleA	GENE_EJF	310
SampleA	GENE_EJL	3
SampleA	GENE_EJY	1
SampleA	GENE_EKJ	1
SampleA	GENE_EKO	415
SampleA	GENE_ELB	219
SampleA	GENE_ELO	276
SampleA	GENE_EMH	53666
SampleA	GENE_ENF	240
SampleA	GENE_ENM	483
SampleA	GENE_ENR	213
SampleA	GENE_ENZ	1
SampleA	GENE_EOU	1
SampleA	GENE_EQJ	2
SampleA	GENE_EQU	1
SampleA	GENE_ERH	4
SampleA	GENE_ETJ	542
SampleA	GENE_EUM	2
SampleA	GENE_EVF	3
SampleA	GENE_EVI	2
SampleA	GENE_EWG	176
SampleA	GENE_EXD	4032
SampleA	GENE_EYZ	3
SampleA	GENE_EZK	460
SampleA	GENE_FEJ	3
SampleA	GENE_FGC	3
SampleA	GENE_FGE	510
SampleA	GENE_FGN	1
SampleA	GENE_FGS	2
SampleA	GENE_FHE	330
SampleA	GENE_FHZ	153
SampleA	GENE_FJA	220
SampleA	GENE_FJX	238
SampleA	GENE_FKA	3
SampleA	GENE_FKQ	1
SampleA	GENE_FKR	4243
SampleA	GENE_FLW	146
SampleA	GENE_FNE	122
SampleA	GENE_FNM	2
SampleA	GENE_FOL	4
SampleA	GENE_FOQ	1
SampleA	GENE_FPD	4217
SampleA	GENE_FQE	10604
SampleA	GENE_FQI	3
SampleA	GENE_FQJ	156
SampleA	GENE_FQM	186
SampleA	GENE_FTP	300
SampleA	GENE_FUH	129
SampleA	GENE_FUI	5847
SampleA	GENE_FVM	64586
SampleA	GENE_FYK	139
SampleA	GENE_GAM	1
SampleA	GENE_GBM	3
SampleA	GENE_GCA	212
SampleA	GENE_GDE	207
SampleA	GENE_GFA	1
SampleA	GENE_GFH	1
SampleA	GENE_GFX	91367
SampleA	GENE_GHB	166
SampleA	GENE_GHD	2
SampleA	GENE_GIL	3
SampleA	GENE_GIM	158
SampleA	GENE_GIO	267
SampleA	GENE_GIQ	4242
SampleA	GENE_GKT	1
SampleA	GENE_GLA	1
SampleA	GENE_GLR	1
SampleA	GENE_GLT	447
SampleA	GENE_GMY	5142
SampleA	GENE_GOW	65940
SampleA	GENE_GPB	153
SampleA	GENE_GPC	1
SampleA	GENE_GPI	1
SampleA	GENE_GPN	1
SampleA	GENE_GQT	7001
SampleA	GENE_GSE	7752
SampleA	GENE_GTY	138
SampleA	GENE_GUS	1
SampleA	GENE_GVH	2
SampleA	GENE_GVZ	456
SampleA	GENE_GWA	112
SampleA	GENE_GWH	180
SampleA	GENE_GWS	1
SampleA	GENE_GXI	9322
SampleA	GENE_GXK	3
SampleA	GENE_GYJ	368
SampleA	GENE_HAU	1
SampleA	GENE_HBG	2
SampleA	GENE_HBS	133
SampleA	GENE_HCP	138
SampleA	GENE_HCQ	3
SampleA	GENE_HCT	433
SampleA	GENE_HGK	1
SampleA	GENE_HGR	364
SampleA	GENE_HJM	401
SampleA	GENE_HKA	1
SampleA	GENE_HLK	198
SampleA	GENE_HLS	1
SampleA	GENE_HLT	2
SampleA	GENE_HLW	228
SampleA	GENE_HMD	1
SampleA	GENE_HMG	265
SampleA	GENE_HMP	3
SampleA	GENE_HMX	3
SampleA	GENE_HNJ	158
SampleA	GENE_HON	184
SampleA	GENE_HOU	1
SampleA	GENE_HPL	178
SampleA	GENE_HPU	5058
SampleA	GENE_HQV	3
SampleA	GENE_HRN	1
SampleA	GENE_HRO	7952
SampleA	GENE_HSK	1
SampleA	GENE_HTA	449
SampleA	GENE_HTV	386
SampleA	GENE_HTZ	135
SampleA	GENE_HUX	528
SampleA	GENE_HWM	191
SampleA	GENE_HYP	167
SampleA	GENE_ICM	1
SampleA	GENE_IDC	1
SampleA	GENE_IEB	4062
SampleA	GENE_IEX	212
SampleA	GENE_IFL	1
SampleA	GENE_IFQ	1
SampleA	GENE_IFW	2
SampleA	GENE_IGO	125
SampleA	GENE_IHE	2
SampleA	GENE_IHX	10522
SampleA	GENE_IJC	3
SampleA	GENE_IJN	121
SampleA	GENE_INK	5155
SampleA	GENE_INT	8065
SampleA	GENE_INV	174
SampleA	GENE_IOV	111
SampleA	GENE_IPG	234
SampleA	GENE_IRG	114
SampleA	GENE_IRX	2
SampleA	GENE_IUO	3
SampleA	GENE_IVN	1
SampleA	GENE_IWZ	4
SampleA	GENE_IXQ	1
SampleA	GENE_IXV	4
SampleA	GENE_IYP	1
SampleA	GENE_IYU	1
SampleA	GENE_JAH	3
SampleA	GENE_JAY	207
SampleA	GENE_JBE	346
SampleA	GENE_JCE	187
SampleA	GENE_JCM	10695
SampleA	GENE_JDR	303
SampleA	GENE_JEP	3
SampleA	GENE_JEV	1
SampleA	GENE_JFG	4189
SampleA	GENE_JFO	8778
SampleA	GENE_JFR	263
SampleA	GENE_JFU	1
SampleA	GENE_JFX	5517
SampleA	GENE_JGH	5401
SampleA	GENE_JHP	48638
SampleA	GENE_JIL	2
SampleA	GENE_JKH	489
SampleA	GENE_JKS	172
SampleA	GENE_JKU	1
SampleA	GENE_JLZ	2
SampleA	GENE_JMS	3
SampleA	GENE_JNK	6000
SampleA	GENE_JPF	2
SampleA	GENE_JPH	9533
SampleA	GENE_JRF	2
SampleA	GENE_JTI	74301
SampleA	GENE_JUD	1
SampleA	GENE_JUR	294
SampleA	GENE_JVO	1
SampleA	GENE_JVX	3
SampleA	GENE_JXE	3
SampleA	GENE_JYC	2
SampleA	GENE_JYL	3
SampleA	GENE_JZM	2
SampleA	GENE_KBI	162
SampleA	GENE_KBT	115
SampleA	GENE_KCL	3
SampleA	GENE_KCM	434
SampleA	GENE_KCY	1
SampleA	GENE_KEA	506
SampleA	GENE_KFJ	2
SampleA	GENE_KFL	8637
SampleA	GENE_KGX	1
SampleA	GENE_KHE	123
SampleA	GENE_KHY	3
SampleA	GENE_KJG	2
SampleA	GENE_KJS	208
SampleA	GENE_KJV	1
SampleA	GENE_KLW	1
SampleA	GENE_KMB	3
SampleA	GENE_KOB	119
SampleA	GENE_KOL	377
SampleA	GENE_KOM	233
SampleA	GENE_KOR	2
SampleA	GENE_KPS	49840
SampleA	GENE_KPX	1
SampleA	GENE_KRI	322
SampleA	GENE_KRW	1
SampleA	GENE_KST	1
SampleA	GENE_KTE	6529
SampleA	GENE_KTY	1
SampleA	GENE_KUS	3
SampleA	GENE_KWH	115
SampleA	GENE_KXA	134
SampleA	GENE_KXD	511
SampleA	GENE_KXV	304
SampleA	GENE_KYF	346
SampleA	GENE_KYR	3
SampleA	GENE_KZE	2
SampleA	GENE_KZR	2
SampleA	GENE_LAO	4126
SampleA	GENE_LAZ	324
SampleA	GENE_LBI	1
SampleA	GENE_LCA	4137
SampleA	GENE_LCH	4837
SampleA	GENE_LDA	421
SampleA	GENE_LDH	134
SampleA	GENE_LDS	188
SampleA	GENE_LEA	129
SampleA	GENE_LEQ	527
SampleA	GENE_LGD	255
SampleA	GENE_LGR	176
SampleA	GENE_LHV	525
SampleA	GENE_LHW	289
SampleA	GENE_LIM	1
SampleA	GENE_LJZ	289
SampleA	GENE_LMA	433
SampleA	GENE_LPZ	152
SampleA	GENE_LQN	10418
SampleA	GENE_LQT	53349
SampleA	GENE_LSD	2
SampleA	GENE_LSE	1
SampleA	GENE_LUE	386820
SampleA	GENE_LUI	355
SampleA	GENE_LUK	268
SampleA	GENE_LVM	1
SampleA	GENE_LYX	1
SampleA	GENE_LZC	3
SampleA	GENE_LZD	4
SampleA	GENE_MAG	2
SampleA	GENE_MAK	377
SampleA	GENE_MAS	2
SampleA	GENE_MBJ	1
SampleA	GENE_MCK	487
SampleA	GENE_MDC	1
SampleA	GENE_MFD	524
SampleA	GENE_MFH	81131
SampleA	GENE_MFZ	83192
SampleA	GENE_MGN	1
SampleA	GENE_MGT	2
SampleA	GENE_MGU	1
SampleA	GENE_MGV	1
SampleA	GENE_MHK	1
SampleA	GENE_MJF	10035
SampleA	GENE_MJO	46453
SampleA	GENE_MJP	47985
SampleA	GENE_MJS	2
SampleA	GENE_MLI	1
SampleA	GENE_MNQ	190
SampleA	GENE_MQU	2
SampleA	GENE_MSF	177
SampleA	GENE_MSP	1
SampleA	GENE_MSU	465
SampleA	GENE_MTU	3
SampleA	GENE_MUP	135
SampleA	GENE_MVO	141
SampleA	GENE_MWO	4809
SampleA	GENE_MXL	449
SampleA	GENE_MXO	4769
SampleA	GENE_MZC	263
SampleA	GENE_NAL	3
SampleA	GENE_NAP	1
SampleA	GENE_NBA	275
SampleA	GENE_NBE	123
SampleA	GENE_NCX	2
SampleA	GENE_NDH	156
SampleA	GENE_NDI	7081
SampleA	GENE_NEV	1
SampleA	GENE_NFV	1
SampleA	GENE_NFZ	194
SampleA	GENE_NHM	9399
SampleA	GENE_NIA	10617
SampleA	GENE_NIK	1
SampleA	GENE_NIZ	115
SampleA	GENE_NJG	6624
SampleA	GENE_NJI	2
SampleA	GENE_NJK	317
SampleA	GENE_NKL	4077
SampleA	GENE_NKM	1
SampleA	GENE_NKT	1
SampleA	GENE_NKZ	86992
SampleA	GENE_NLY	5658
SampleA	GENE_NMS	348
SampleA	GENE_NMW	51135
SampleA	GENE_NOQ	2
SampleA	GENE_NPQ	409
SampleA	GENE_NQG	166
SampleA	GENE_NRX	433
SampleA	GENE_NRY	1
SampleA	GENE_NSJ	2
SampleA	GENE_NTE	133
SampleA	GENE_NUF	4
SampleA	GENE_NUK	2
SampleA	GENE_NVU	72001
SampleA	GENE_NWA	162
SampleA	GENE_NWG	4710
SampleA	GENE_NWY	1
SampleA	GENE_NXG	4752
SampleA	GENE_NXI	6223
SampleA	GENE_NYU	1
SampleA	GENE_NYW	7808
SampleA	GENE_NZH	1
SampleA	GENE_NZI	1
SampleA	GENE_NZJ	169
SampleA	GENE_OAT	477
SampleA	GENE_OCD	400
SampleA	GENE_ODL	320
SampleA	GENE_OFE	503
SampleA	GENE_OFP	138
SampleA	GENE_OGW	206
SampleA	GENE_OIZ	492
SampleA	GENE_OJU	324
SampleA	GENE_OKF	1
SampleA	GENE_OKN	9407
SampleA	GENE_OLZ	461
SampleA	GENE_OMF	1
SampleA	GENE_ONG	3
SampleA	GENE_ONU	218
SampleA	GENE_OPW	2
SampleA	GENE_ORA	346
SampleA	GENE_ORJ	1
SampleA	GENE_ORX	277
SampleA	GENE_ORZ	270
SampleA	GENE_OSB	6443
SampleA	GENE_OSM	197
SampleA	GENE_OSW	135
SampleA	GENE_OTD	2
SampleA	GENE_OTE	240
SampleA	GENE_OTF	240
SampleA	GENE_OTJ	544
SampleA	GENE_OTV	1
SampleA	GENE_OTX	4
SampleA	GENE_OUN	1
SampleA	GENE_OVA	2
SampleA	GENE_OVY	1
SampleA	GENE_OWI	44233
SampleA	GENE_OWQ	341
SampleA	GENE_OYF	1
SampleA	GENE_OYS	2
SampleA	GENE_OZH	296
SampleA	GENE_OZK	2
SampleA	GENE_PAH	495
SampleA	GENE_PAL	1
SampleA	GENE_PAX	1
SampleA	GENE_PAZ	138
SampleA	GENE_PCM	291
SampleA	GENE_PDF	1
SampleA	GENE_PDN	2
SampleA	GENE_PDY	10544
SampleA	GENE_PEX	8731
SampleA	GENE_PFN	5618
SampleA	GENE_PGD	2
SampleA	GENE_PGZ	220
SampleA	GENE_PHG	418
SampleA	GENE_PHT	221
SampleA	GENE_PIS	340
SampleA	GENE_PJO	4370
SampleA	GENE_PKS	477
SampleA	GENE_PKT	2
SampleA	GENE_PLJ	6699
SampleA	GENE_PMW	269
SampleA	GENE_PNI	1
SampleA	GENE_PNO	389
SampleA	GENE_PRU	3
SampleA	GENE_PSN	89256
SampleA	GENE_PSW	1
SampleA	GENE_PVI	2
SampleA	GENE_PVS	3
SampleA	GENE_PWQ	1
SampleA	GENE_PXD	265
SampleA	GENE_PXY	3
SampleA	GENE_PYI	131
SampleA	GENE_PYT	420
SampleA	GENE_PZS	516
SampleA	GENE_PZX	5758
SampleA	GENE_QAN	2
SampleA	GENE_QBN	290
SampleA	GENE_QCH	328
SampleA	GENE_QDM	1
SampleA	GENE_QEI	176
SampleA	GENE_QEJ	423
SampleA	GENE_QEL	327
SampleA	GENE_QEY	1
SampleA	GENE_QFM	2
SampleA	GENE_QGX	3
SampleA	GENE_QGY	1
SampleA	GENE_QHS	1
SampleA	GENE_QHW	342
SampleA	GENE_QKI	405
SampleA	GENE_QLX	216
SampleA	GENE_QMX	4882
SampleA	GENE_QMY	1
SampleA	GENE_QOZ	399
SampleA	GENE_QPF	199
SampleA	GENE_QPX	3
SampleA	GENE_QSM	199
SampleA	GENE_QSN	5300
SampleA	GENE_QTU	239
SampleA	GENE_QUA	124
SampleA	GENE_QVB	2
SampleA	GENE_QWD	2
SampleA	GENE_QWH	1
SampleA	GENE_QYB	176
SampleA	GENE_QYV	3
SampleA	GENE_RAL	214
SampleA	GENE_RBD	337
SampleA	GENE_RCT	380
SampleA	GENE_RDM	2
SampleA	GENE_RDZ	1
SampleA	GENE_REF	320
SampleA	GENE_RFA	52323
SampleA	GENE_RGS	1
SampleA	GENE_RIJ	489
SampleA	GENE_RIK	2
SampleA	GENE_RJE	3
SampleA	GENE_RJK	204
SampleA	GENE_RKA	1
SampleA	GENE_RKF	1
SampleA	GENE_RKZ	3
SampleA	GENE_RLC	1
SampleA	GENE_RLM	1
SampleA	GENE_RLU	7422
SampleA	GENE_RMS	205
SampleA	GENE_RMU	2
SampleA	GENE_RMY	2
SampleA	GENE_RNO	177
SampleA	GENE_RNT	1
SampleA	GENE_RNU	6973
SampleA	GENE_ROC	523
SampleA	GENE_ROW	200
SampleA	GENE_RPT	212
SampleA	GENE_RSK	1
SampleA	GENE_RTE	1
SampleA	GENE_RUX	539
SampleA	GENE_RWI	1
SampleA	GENE_RYW	6660
SampleA	GENE_RZX	267
SampleA	GENE_SAL	283
SampleA	GENE_SAU	2
SampleA	GENE_SBH	1
SampleA	GENE_SBI	2
SampleA	GENE_SBJ	426
SampleA	GENE_SCE	112
SampleA	GENE_SCK	84234
SampleA	GENE_SDB	244
SampleA	GENE_SDR	3
SampleA	GENE_SEN	116
SampleA	GENE_SEX	261
SampleA	GENE_SHD	2
SampleA	GENE_SHF	9188
SampleA	GENE_SHN	3
SampleA	GENE_SJN	3
SampleA	GENE_SKR	186
SampleA	GENE_SKU	1
SampleA	GENE_SLJ	66120
SampleA	GENE_SLQ	463
SampleA	GENE_SLR	5412
SampleA	GENE_SMF	205
SampleA	GENE_SMG	257
SampleA	GENE_SML	3
SampleA	GENE_SNC	255
SampleA	GENE_SNW	1
SampleA	GENE_SPT	2
SampleA	GENE_SQN	244
SampleA	GENE_SQZ	313
SampleA	GENE_SUP	154
SampleA	GENE_SVN	1
SampleA	GENE_SWB	3
SampleA	GENE_SWD	1
SampleA	GENE_SWQ	7058
SampleA	GENE_SYD	348
SampleA	GENE_SZL	313
SampleA	GENE_SZU	458
SampleA	GENE_TBE	179
SampleA	GENE_TDI	110
SampleA	GENE_TDU	9085
SampleA	GENE_TEI	503451
SampleA	GENE_TGN	3
SampleA	GENE_TIR	144
SampleA	GENE_TIX	9823
SampleA	GENE_TJH	2
SampleA	GENE_TJI	205
SampleA	GENE_TJZ	10638
SampleA	GENE_TLS	207
SampleA	GENE_TMH	402
SampleA	GENE_TMW	2
SampleA	GENE_TNB	1
SampleA	GENE_TNQ	406
SampleA	GENE_TNX	1
SampleA	GENE_TOF	211
SampleA	GENE_TON	1
SampleA	GENE_TOW	4
SampleA	GENE_TPX	3
SampleA	GENE_TPY	449
SampleA	GENE_TQH	3806
SampleA	GENE_TQK	2
SampleA	GENE_TRH	1
SampleA	GENE_TSB	5039
SampleA	GENE_TSO	1
SampleA	GENE_TVO	2
SampleA	GENE_TVW	1
SampleA	GENE_TWA	1
SampleA	GENE_TXP	3
SampleA	GENE_TXQ	315076
SampleA	GENE_TYI	1
SampleA	GENE_TZC	1
SampleA	GENE_UAG	1
SampleA	GENE_UAZ	5888
SampleA	GENE_UBJ	1
SampleA	GENE_UCK	527
SampleA	GENE_UCX	163
SampleA	GENE_UDR	233
SampleA	GENE_UDS	335
SampleA	GENE_UDZ	241
SampleA	GENE_UEM	1
SampleA	GENE_UGC	271
SampleA	GENE_UGT	247
SampleA	GENE_UGX	1
SampleA	GENE_UHJ	2
SampleA	GENE_UHZ	198
SampleA	GENE_UIS	301
SampleA	GENE_UIW	4
SampleA	GENE_UIY	179
SampleA	GENE_UJB	172
SampleA	GENE_UJP	2
SampleA	GENE_UKZ	470
SampleA	GENE_UMH	3
SampleA	GENE_UML	374
SampleA	GENE_UNI	116
SampleA	GENE_UNS	3
SampleA	GENE_UNW	1
SampleA	GENE_UOM	231
SampleA	GENE_UPO	1
SampleA	GENE_UQA	231
SampleA	GENE_UQK	389
SampleA	GENE_URI	4
SampleA	GENE_USD	3
SampleA	GENE_UTS	4365
SampleA	GENE_UWV	508
SampleA	GENE_UXJ	1
SampleA	GENE_UZL	2
SampleA	GENE_UZV	481
SampleA	GENE_UZY	1
SampleA	GENE_VAS	1
SampleA	GENE_VCA	143
SampleA	GENE_VCK	8026
SampleA	GENE_VDF	1
SampleA	GENE_VDI	2
SampleA	GENE_VEO	213
SampleA	GENE_VEU	1
SampleA	GENE_VFK	127
SampleA	GENE_VFQ	1
SampleA	GENE_VGD	3
SampleA	GENE_VHT	7703
SampleA	GENE_VIY	350
SampleA	GENE_VJU	1
SampleA	GENE_VKT	230
SampleA	GENE_VLB	8256
SampleA	GENE_VNB	539
SampleA	GENE_VOH	58467
SampleA	GENE_VOX	1
SampleA	GENE_VPJ	124
SampleA	GENE_VQJ	359
SampleA	GENE_VRE	143
SampleA	GENE_VRL	128
SampleA	GENE_VUB	10971
SampleA	GENE_VUN	2
SampleA	GENE_VUQ	167
SampleA	GENE_VWR	220
SampleA	GENE_VXL	273
SampleA	GENE_VYP	1
SampleA	GENE_VYX	5703
SampleA	GENE_VZI	210
SampleA	GENE_VZK	1
SampleA	GENE_WAU	353
SampleA	GENE_WCQ	137
SampleA	GENE_WDJ	138
SampleA	GENE_WDT	2
SampleA	GENE_WFJ	263
SampleA	GENE_WFS	316
SampleA	GENE_WFT	4
SampleA	GENE_WFY	1
SampleA	GENE_WIX	10803
SampleA	GENE_WJF	2
SampleA	GENE_WLC	255
SampleA	GENE_WMJ	5538
SampleA	GENE_WMP	7864
SampleA	GENE_WNF	3
SampleA	GENE_WOI	1
SampleA	GENE_WOY	326
SampleA	GENE_WPD	2
SampleA	GENE_WPJ	129
SampleA	GENE_WRG	3960
SampleA	GENE_WRH	79339
SampleA	GENE_WRU	1
SampleA	GENE_WRY	3905
SampleA	GENE_WRZ	1
SampleA	GENE_WTF	4121
SampleA	GENE_WTJ	254
SampleA	GENE_WTP	128
SampleA	GENE_WUL	1
SampleA	GENE_WUN	2
SampleA	GENE_WVI	59598
SampleA	GENE_WXC	4178
SampleA	GENE_WXM	1
SampleA	GENE_WXO	1
SampleA	GENE_WXT	3
SampleA	GENE_XBP	1
SampleA	GENE_XCB	1
SampleA	GENE_XCG	1
SampleA	GENE_XEP	7803
SampleA	GENE_XFB	4
SampleA	GENE_XHK	3
SampleA	GENE_XHY	6492
SampleA	GENE_XJC	136
SampleA	GENE_XJP	1
SampleA	GENE_XKC	1
SampleA	GENE_XLE	3
SampleA	GENE_XLH	225
SampleA	GENE_XMK	172
SampleA	GENE_XNS	51282
SampleA	GENE_XNT	3
SampleA	GENE_XOD	1
SampleA	GENE_XPD	1
SampleA	GENE_XPG	333
SampleA	GENE_XPR	45044
SampleA	GENE_XQB	4772
SampleA	GENE_XRN	259
SampleA	GENE_XTM	149
SampleA	GENE_XUP	393
SampleA	GENE_XUY	3821
SampleA	GENE_XVA	1
SampleA	GENE_XVR	3
SampleA	GENE_XVZ	196
SampleA	GENE_XYF	3
SampleA	GENE_XYU	132
SampleA	GENE_YBK	117
SampleA	GENE_YBN	2
SampleA	GENE_YBS	205
SampleA	GENE_YDI	45235
SampleA	GENE_YFR	296
SampleA	GENE_YFX	251
SampleA	GENE_YFZ	380
SampleA	GENE_YGM	1
SampleA	GENE_YGN	200
SampleA	GENE_YHL	95165
SampleA	GENE_YHQ	5164
SampleA	GENE_YHR	409
SampleA	GENE_YIN	10410
SampleA	GENE_YJQ	1
SampleA	GENE_YKL	8294
SampleA	GENE_YLD	4
SampleA	GENE_YMN	229
SampleA	GENE_YMP	361
SampleA	GENE_YMW	110
SampleA	GENE_YOI	335
SampleA	GENE_YPQ	481
SampleA	GENE_YQI	5608
SampleA	GENE_YQW	349
SampleA	GENE_YQX	4
SampleA	GENE_YRH	4182
SampleA	GENE_YRP	6271
SampleA	GENE_YRX	3
SampleA	GENE_YTA	530
SampleA	GENE_YTN	6114
SampleA	GENE_YTP	148
SampleA	GENE_YVF	483
SampleA	GENE_YVH	268
SampleA	GENE_YWF	3
SampleA	GENE_YWP	436021
SampleA	GENE_YXK	179
SampleA	GENE_YZA	408
SampleA	GENE_YZT	362
SampleA	GENE_ZBG	2
SampleA	GENE_ZBT	1
SampleA	GENE_ZBY	2
SampleA	GENE_ZCJ	2
SampleA	GENE_ZCN	112
SampleA	GENE_ZDT	129
SampleA	GENE_ZFJ	251
SampleA	GENE_ZFQ	534
SampleA	GENE_ZIH	258
SampleA	GENE_ZIR	5983
SampleA	GENE_ZIV	162
SampleA	GENE_ZJD	10000
SampleA	GENE_ZKM	173
SampleA	GENE_ZKO	4043
SampleA	GENE_ZLI	195
SampleA	GENE_ZLN	195
SampleA	GENE_ZMC	81622
SampleA	GENE_ZMG	270
SampleA	GENE_ZMH	295
SampleA	GENE_ZNR	527
SampleA	GENE_ZOJ	248
SampleA	GENE_ZOS	534
SampleA	GENE_ZRD	7479
SampleA	GENE_ZRI	1
SampleA	GENE_ZRN	5012
SampleA	GENE_ZRQ	46494
SampleA	GENE_ZTQ	46870
SampleA	GENE_ZVB	9490
SampleA	GENE_ZWX	2
SampleA	GENE_ZYE	482
SampleA	GENE_ZYR	7797
SampleB	GENE_ABD	2
SampleB	GENE_ABI	3
SampleB	GENE_ABW	446
SampleB	GENE_ADG	3
SampleB	GENE_AEC	508
SampleB	GENE_AFS	1
SampleB	GENE_AFX	532
SampleB	GENE_AGF	533
SampleB	GENE_AHK	209
SampleB	GENE_AHS	193
SampleB	GENE_AIR	1
SampleB	GENE_AIS	6721
SampleB	GENE_AKM	1
SampleB	GENE_ALY	3
SampleB	GENE_AMW	416
SampleB	GENE_AMZ	6714
SampleB	GENE_ANV	227
SampleB	GENE_AOM	3
SampleB	GENE_APC	220
SampleB	GENE_APF	218
SampleB	GENE_APG	6838
SampleB	GENE_APJ	3
SampleB	GENE_APS	145
SampleB	GENE_AQV	317
SampleB	GENE_ARI	3925
SampleB	GENE_ASG	4603
SampleB	GENE_ASX	3
SampleB	GENE_AVR	8095
SampleB	GENE_AYP	1
SampleB	GENE_AZD	5470
SampleB	GENE_AZH	1
SampleB	GENE_BAK	2
SampleB	GENE_BAS	131
SampleB	GENE_BAV	3
SampleB	GENE_BCG	1
SampleB	GENE_BDI	3
SampleB	GENE_BDW	1
SampleB	GENE_BEG	391
SampleB	GENE_BEU	1
SampleB	GENE_BHD	298
SampleB	GENE_BHN	5367
SampleB	GENE_BIH	2
SampleB	GENE_BIQ	2
SampleB	GENE_BIW	7422
SampleB	GENE_BJN	1
SampleB	GENE_BKJ	505
SampleB	GENE_BKY	2
SampleB	GENE_BLE	167
SampleB	GENE_BLO	161
SampleB	GENE_BND	196
SampleB	GENE_BNP	10281
SampleB	GENE_BNY	1
SampleB	GENE_BOT	1
SampleB	GENE_BQI	1
SampleB	GENE_BSD	369
SampleB	GENE_BSW	154
SampleB	GENE_BUH	1
SampleB	GENE_BUS	4
SampleB	GENE_BVU	333
SampleB	GENE_BWK	2
SampleB	GENE_BXU	131
SampleB	GENE_BYG	2
SampleB	GENE_BYU	90685
SampleB	GENE_CAM	344
SampleB	GENE_CAO	10734
SampleB	GENE_CBG	2
SampleB	GENE_CBR	1
SampleB	GENE_CBY	160
SampleB	GENE_CDF	2
SampleB	GENE_CDU	3
SampleB	GENE_CEW	1
SampleB	GENE_CFW	1
SampleB	GENE_CFY	1
SampleB	GENE_CGZ	2
SampleB	GENE_CHB	3
SampleB	GENE_CHM	4196
SampleB	GENE_CKD	1
SampleB	GENE_CKI	455
SampleB	GENE_CKW	2
SampleB	GENE_CLY	157
SampleB	GENE_CMB	2
SampleB	GENE_CNA	9600
SampleB	GENE_CNJ	45142
SampleB	GENE_CNT	4975
SampleB	GENE_COF	2
SampleB	GENE_CPS	3
SampleB	GENE_CQV	148
SampleB	GENE_CRZ	158
SampleB	GENE_CTV	246
SampleB	GENE_CUQ	116
SampleB	GENE_CVY	366
SampleB	GENE_CVZ	147
SampleB	GENE_CWP	5942
SampleB	GENE_CXB	426
SampleB	GENE_CYW	308
SampleB	GENE_CZS	471
SampleB	GENE_DBH	1
SampleB	GENE_DBT	2
SampleB	GENE_DIX	464
SampleB	GENE_DJE	482
SampleB	GENE_DKG	170
SampleB	GENE_DNS	3
SampleB	GENE_DON	2
SampleB	GENE_DPL	4
SampleB	GENE_DRZ	197
SampleB	GENE_DSZ	1
SampleB	GENE_DTN	116
SampleB	GENE_DTQ	2
SampleB	GENE_DUK	2
SampleB	GENE_DUY	419
SampleB	GENE_DVC	7098
SampleB	GENE_DVN	278
SampleB	GENE_DWI	2
SampleB	GENE_DWQ	112
SampleB	GENE_DXM	2
SampleB	GENE_DZF	5803
SampleB	GENE_DZT	431
SampleB	GENE_EAN	46994
SampleB	GENE_EAP	49404
SampleB	GENE_EBI	288
SampleB	GENE_EBP	486
SampleB	GENE_EBU	1
SampleB	GENE_EDK	1
SampleB	GENE_EGQ	2
SampleB	GENE_EGT	139
SampleB	GENE_EHF	157
SampleB	GENE_EJH	258
SampleB	GENE_EJY	2
SampleB	GENE_EKL	2
SampleB	GENE_EMH	3
SampleB	GENE_EMK	2
SampleB	GENE_ENZ	3
SampleB	GENE_EOA	180
SampleB	GENE_EPC	5479
SampleB	GENE_EPY	1
SampleB	GENE_EQU	2
SampleB	GENE_ESB	147
SampleB	GENE_ESY	1
SampleB	GENE_ETJ	4494
SampleB	GENE_EVI	191
SampleB	GENE_EWG	4
SampleB	GENE_EYA	3
SampleB	GENE_EYZ	6884
SampleB	GENE_EZB	3
SampleB	GENE_EZK	2
SampleB	GENE_FBU	3
SampleB	GENE_FDC	405
SampleB	GENE_FDT	326
SampleB	GENE_FEJ	361
SampleB	GENE_FGC	1
SampleB	GENE_FGM	68729
SampleB	GENE_FGS	1
SampleB	GENE_FGY	512
SampleB	GENE_FHD	149
SampleB	GENE_FHE	1
SampleB	GENE_FHQ	59529
SampleB	GENE_FKH	143
SampleB	GENE_FKR	508
SampleB	GENE_FLM	2
SampleB	GENE_FNI	369
SampleB	GENE_FNM	120
SampleB	GENE_FNQ	166
SampleB	GENE_FOE	118
SampleB	GENE_FOQ	202
SampleB	GENE_FOX	2
SampleB	GENE_FPD	9430
SampleB	GENE_FPR	513
SampleB	GENE_FQM	396
SampleB	GENE_FRY	2
SampleB	GENE_FSP	3
SampleB	GENE_FUH	1
SampleB	GENE_FUM	344
SampleB	GENE_FXE	4478
SampleB	GENE_FXH	2
SampleB	GENE_FYK	1
SampleB	GENE_GAK	1
SampleB	GENE_GAM	3864
SampleB	GENE_GDE	3
SampleB	GENE_GDL	7184
SampleB	GENE_GDU	175
SampleB	GENE_GEC	359
SampleB	GENE_GEJ	2
SampleB	GENE_GFA	112
SampleB	GENE_GHB	1
SampleB	GENE_GHD	1
SampleB	GENE_GHM	1
SampleB	GENE_GIL	7362
SampleB	GENE_GIM	4
SampleB	GENE_GLA	4053
SampleB	GENE_GLT	328
SampleB	GENE_GLX	112
SampleB	GENE_GMN	531780
SampleB	GENE_GMY	295
SampleB	GENE_GNC	1
SampleB	GENE_GNJ	228
SampleB	GENE_GNK	7547
SampleB	GENE_GOW	1
SampleB	GENE_GPI	3989
SampleB	GENE_GPJ	274
SampleB	GENE_GQT	149
SampleB	GENE_GRA	3
SampleB	GENE_GSF	1
SampleB	GENE_GSO	1
SampleB	GENE_GUR	2
SampleB	GENE_GVH	374
SampleB	GENE_GVZ	372
SampleB	GENE_GWN	5433
SampleB	GENE_GXK	149
SampleB	GENE_GYJ	366
SampleB	GENE_GYP	328
SampleB	GENE_HBE	148
SampleB	GENE_HBG	6103
SampleB	GENE_HBS	351
SampleB	GENE_HCB	8987
SampleB	GENE_HCQ	147
SampleB	GENE_HCT	381
SampleB	GENE_HDM	489
SampleB	GENE_HET	3
SampleB	GENE_HFB	2
SampleB	GENE_HGK	2
SampleB	GENE_HGR	8981
SampleB	GENE_HJM	180
SampleB	GENE_HKA	1
SampleB	GENE_HKD	3
SampleB	GENE_HLS	2
SampleB	GENE_HLT	155
SampleB	GENE_HLW	3
SampleB	GENE_HMD	256
SampleB	GENE_HMG	112
SampleB	GENE_HMP	1
SampleB	GENE_HMW	3
SampleB	GENE_HNZ	1
SampleB	GENE_HON	1
SampleB	GENE_HOY	2
SampleB	GENE_HPL	8588
SampleB	GENE_HQG	2
SampleB	GENE_HQM	1
SampleB	GENE_HQN	315
SampleB	GENE_HRN	2
SampleB	GENE_HSK	1
SampleB	GENE_HSY	175
SampleB	GENE_HTA	256
SampleB	GENE_HTK	251
SampleB	GENE_HTL	115
SampleB	GENE_HTO	72499
SampleB	GENE_HTZ	82573
SampleB	GENE_HUP	287
SampleB	GENE_HUX	89342
SampleB	GENE_HVM	8337
SampleB	GENE_HWM	176
SampleB	GENE_HWU	4683
SampleB	GENE_HXT	210
SampleB	GENE_HYP	1
SampleB	GENE_IAY	172
SampleB	GENE_IBE	3
SampleB	GENE_ICM	6290
SampleB	GENE_IEB	456
SampleB	GENE_IEY	275
SampleB	GENE_IFQ	4490
SampleB	GENE_IFW	112
SampleB	GENE_IGL	316
SampleB	GENE_IJC	186
SampleB	GENE_ILW	1
SampleB	GENE_IMO	119
SampleB	GENE_INK	2
SampleB	GENE_INT	261
SampleB	GENE_IOU	136
SampleB	GENE_IOW	335
SampleB	GENE_IPE	1
SampleB	GENE_IPG	111
SampleB	GENE_IRZ	287
SampleB	GENE_ISZ	1
SampleB	GENE_ITH	5340
SampleB	GENE_IUO	1
SampleB	GENE_IUX	336
SampleB	GENE_IVB	4
SampleB	GENE_IWN	1
SampleB	GENE_IYU	337
SampleB	GENE_JAE	4
SampleB	GENE_JAH	8790
SampleB	GENE_JAW	3
SampleB	GENE_JCE	4526
SampleB	GENE_JCM	402
SampleB	GENE_JCV	1
SampleB	GENE_JCW	374
SampleB	GENE_JDG	485
SampleB	GENE_JEG	1
SampleB	GENE_JES	146
SampleB	GENE_JFG	170
SampleB	GENE_JFR	111
SampleB	GENE_JFX	126
SampleB	GENE_JFZ	269
SampleB	GENE_JGE	507
SampleB	GENE_JGH	1
SampleB	GENE_JHP	4535
SampleB	GENE_JIL	6148
SampleB	GENE_JKS	401
SampleB	GENE_JKU	1
SampleB	GENE_JLX	502
SampleB	GENE_JMZ	2
SampleB	GENE_JNF	4
SampleB	GENE_JPC	142
SampleB	GENE_JPH	2
SampleB	GENE_JPX	157
SampleB	GENE_JQZ	1
SampleB	GENE_JSM	1
SampleB	GENE_JUD	170
SampleB	GENE_JUZ	1
SampleB	GENE_JXL	3
SampleB	GENE_JYO	10306
SampleB	GENE_JYX	1
SampleB	GENE_JZM	3
SampleB	GENE_KBI	173
SampleB	GENE_KBT	4748
SampleB	GENE_KCL	1
SampleB	GENE_KCY	1
SampleB	GENE_KED	119
SampleB	GENE_KFL	240
SampleB	GENE_KGE	2
SampleB	GENE_KGX	2
SampleB	GENE_KHL	3
SampleB	GENE_KHY	10653
SampleB	GENE_KJS	177
SampleB	GENE_KJV	224
SampleB	GENE_KLC	526
SampleB	GENE_KLG	123
SampleB	GENE_KLO	4
SampleB	GENE_KLU	184
SampleB	GENE_KNE	8257
SampleB	GENE_KNR	493
SampleB	GENE_KOB	5199
SampleB	GENE_KOE	137
SampleB	GENE_KOL	424
SampleB	GENE_KOM	1
SampleB	GENE_KON	275
SampleB	GENE_KOR	448286
SampleB	GENE_KPH	379
SampleB	GENE_KQJ	2
SampleB	GENE_KRA	1
SampleB	GENE_KRW	2
SampleB	GENE_KST	2
SampleB	GENE_KTE	443
SampleB	GENE_KTP	58686
SampleB	GENE_KTX	235
SampleB	GENE_KTY	1
SampleB	GENE_KUY	387
SampleB	GENE_KVJ	1
SampleB	GENE_KVR	9617
SampleB	GENE_KVU	302
SampleB	GENE_KWT	2
SampleB	GENE_KXD	3
SampleB	GENE_KYF	491
SampleB	GENE_KYR	2
SampleB	GENE_KZG	144
SampleB	GENE_KZR	3926
SampleB	GENE_LAZ	2
SampleB	GENE_LBD	3
SampleB	GENE_LBJ	3
SampleB	GENE_LCA	289
SampleB	GENE_LCH	470
SampleB	GENE_LDH	127
SampleB	GENE_LDS	226
SampleB	GENE_LFA	2
SampleB	GENE_LGS	193
SampleB	GENE_LHW	276
SampleB	GENE_LIA	286
SampleB	GENE_LMR	3
SampleB	GENE_LNS	383
SampleB	GENE_LPZ	205
SampleB	GENE_LQR	1
SampleB	GENE_LQV	298
SampleB	GENE_LSE	8316
SampleB	GENE_LSM	2
SampleB	GENE_LSY	1
SampleB	GENE_LTF	5911
SampleB	GENE_LUB	3
SampleB	GENE_LUE	1
SampleB	GENE_LUK	219
SampleB	GENE_LVI	156
SampleB	GENE_LWO	1483477
SampleB	GENE_MAL	6006
SampleB	GENE_MAS	5264
SampleB	GENE_MBS	3
SampleB	GENE_MCO	3
SampleB	GENE_MDC	168
SampleB	GENE_MFP	1
SampleB	GENE_MFS	80023
SampleB	GENE_MGT	3
SampleB	GENE_MGU	1
SampleB	GENE_MJO	298
SampleB	GENE_MJW	68724
SampleB	GENE_MKU	3
SampleB	GENE_MLW	4246
SampleB	GENE_MNR	46511
SampleB	GENE_MOS	402
SampleB	GENE_MPK	1
SampleB	GENE_MPQ	1
SampleB	GENE_MRY	2
SampleB	GENE_MSB	299
SampleB	GENE_MSF	1
SampleB	GENE_MSN	1
SampleB	GENE_MSU	3
SampleB	GENE_MSY	343728
SampleB	GENE_MUP	1
SampleB	GENE_MVF	2
SampleB	GENE_MVO	404
SampleB	GENE_MWK	312
SampleB	GENE_MXI	288
SampleB	GENE_MYW	10684
SampleB	GENE_NAL	1
SampleB	GENE_NDH	159
SampleB	GENE_NEF	118
SampleB	GENE_NEY	250
SampleB	GENE_NFJ	440
SampleB	GENE_NGI	459
SampleB	GENE_NGM	2
SampleB	GENE_NGO	2
SampleB	GENE_NHK	1
SampleB	GENE_NHM	188
SampleB	GENE_NIZ	114
SampleB	GENE_NJM	474
SampleB	GENE_NJU	1
SampleB	GENE_NKC	294
SampleB	GENE_NKM	3
SampleB	GENE_NLH	4
SampleB	GENE_NLY	3
SampleB	GENE_NMS	7460
SampleB	GENE_NMW	2
SampleB	GENE_NOQ	1
SampleB	GENE_NQT	499
SampleB	GENE_NRP	413
SampleB	GENE_NRX	346
SampleB	GENE_NSO	247
SampleB	GENE_NTB	353
SampleB	GENE_NTY	1
SampleB	GENE_NVE	116
SampleB	GENE_NWA	122
SampleB	GENE_NWV	250
SampleB	GENE_NXI	48855
SampleB	GENE_NYU	1
SampleB	GENE_NZI	200
SampleB	GENE_OAP	2
SampleB	GENE_OAT	94328
SampleB	GENE_ODL	2
SampleB	GENE_OFE	46201
SampleB	GENE_OFP	187
SampleB	GENE_OFZ	188
SampleB	GENE_OGY	1
SampleB	GENE_OIG	61876
SampleB	GENE_OJD	86522
SampleB	GENE_OLZ	3
SampleB	GENE_OME	256
SampleB	GENE_ONL	266
SampleB	GENE_ONQ	4
SampleB	GENE_ONU	161
SampleB	GENE_ONX	5432
SampleB	GENE_OQB	425
SampleB	GENE_ORA	1
SampleB	GENE_ORW	145
SampleB	GENE_ORX	1
SampleB	GENE_ORZ	251
SampleB	GENE_OSB	1
SampleB	GENE_OSW	1
SampleB	GENE_OTD	412688
SampleB	GENE_OVQ	1
SampleB	GENE_OVY	1
SampleB	GENE_OWQ	295
SampleB	GENE_OZC	162
SampleB	GENE_PAB	2
SampleB	GENE_PAL	208
SampleB	GENE_PAX	1
SampleB	GENE_PCX	270
SampleB	GENE_PDF	288
SampleB	GENE_PDU	526
SampleB	GENE_PDY	8630
SampleB	GENE_PFN	112
SampleB	GENE_PHA	2
SampleB	GENE_PHS	150
SampleB	GENE_PHT	316
SampleB	GENE_PIS	2
SampleB	GENE_PJO	247
SampleB	GENE_PJU	142
SampleB	GENE_PKN	189
SampleB	GENE_PKS	194
SampleB	GENE_PKT	3
SampleB	GENE_PKU	2
SampleB	GENE_PMW	3
SampleB	GENE_POB	231
SampleB	GENE_POS	3
SampleB	GENE_PQG	9366
SampleB	GENE_PQX	3
SampleB	GENE_PRG	1
SampleB	GENE_PRW	3
SampleB	GENE_PSW	63286
SampleB	GENE_PSY	183
SampleB	GENE_PTM	2
SampleB	GENE_PTW	8053
SampleB	GENE_PUL	1
SampleB	GENE_PVI	57629
SampleB	GENE_PVS	4129
SampleB	GENE_PXY	4
SampleB	GENE_PYD	1
SampleB	GENE_PYI	7221
SampleB	GENE_PYT	273
SampleB	GENE_PYZ	459
SampleB	GENE_PZS	3
SampleB	GENE_QAU	1
SampleB	GENE_QCH	1
SampleB	GENE_QCP	1
SampleB	GENE_QEA	336
SampleB	GENE_QEI	361
SampleB	GENE_QEL	431
SampleB	GENE_QFI	328
SampleB	GENE_QFV	233
SampleB	GENE_QGX	7990
SampleB	GENE_QGY	265
SampleB	GENE_QHD	426016
SampleB	GENE_QHF	1
SampleB	GENE_QHS	412
SampleB	GENE_QIB	374
SampleB	GENE_QIW	5954
SampleB	GENE_QKI	413
SampleB	GENE_QKL	2
SampleB	GENE_QLX	128
SampleB	GENE_QMX	61670
SampleB	GENE_QPB	45118
SampleB	GENE_QPF	2
SampleB	GENE_QPX	68745
SampleB	GENE_QTF	138
SampleB	GENE_QTI	140
SampleB	GENE_QUA	328
SampleB	GENE_QVB	127
SampleB	GENE_QWB	3
SampleB	GENE_QWD	1
SampleB	GENE_QWH	6832
SampleB	GENE_QYB	507
SampleB	GENE_QZC	223
SampleB	GENE_QZD	2
SampleB	GENE_RAT	6348
SampleB	GENE_RBG	1
SampleB	GENE_RBO	431
SampleB	GENE_RCO	150
SampleB	GENE_RDP	2
SampleB	GENE_RDQ	1
SampleB	GENE_REC	49343
SampleB	GENE_RET	360
SampleB	GENE_RFA	453
SampleB	GENE_RGD	1
SampleB	GENE_RGS	199
SampleB	GENE_RGU	50782
SampleB	GENE_RIJ	247
SampleB	GENE_RIK	147
SampleB	GENE_RIS	3
SampleB	GENE_RJB	2
SampleB	GENE_RJM	78379
SampleB	GENE_RKF	1
SampleB	GENE_RKH	7899
SampleB	GENE_RKT	1
SampleB	GENE_RLM	405
SampleB	GENE_RMS	1
SampleB	GENE_RMY	258
SampleB	GENE_RNP	301
SampleB	GENE_RNU	6524
SampleB	GENE_ROW	170
SampleB	GENE_ROY	1
SampleB	GENE_RSK	224
SampleB	GENE_RUS	9896
SampleB	GENE_RVN	2
SampleB	GENE_RWF	3
SampleB	GENE_RXI	175
SampleB	GENE_RYI	1
SampleB	GENE_RYU	3
SampleB	GENE_RYW	4
SampleB	GENE_RYZ	3
SampleB	GENE_RZX	497
SampleB	GENE_SAD	203
SampleB	GENE_SBI	422
SampleB	GENE_SCO	203
SampleB	GENE_SDB	3
SampleB	GENE_SDI	1
SampleB	GENE_SDR	495
SampleB	GENE_SDT	431
SampleB	GENE_SDZ	6027
SampleB	GENE_SEN	205
SampleB	GENE_SHD	1
SampleB	GENE_SKU	5958
SampleB	GENE_SLJ	50494
SampleB	GENE_SLZ	204
SampleB	GENE_SMG	6035
SampleB	GENE_SNC	452
SampleB	GENE_SNL	263
SampleB	GENE_SPJ	2
SampleB	GENE_SQW	2
SampleB	GENE_SRC	1
SampleB	GENE_SWD	5180
SampleB	GENE_SWX	514
SampleB	GENE_SXL	1
SampleB	GENE_SXR	193
SampleB	GENE_SYT	195
SampleB	GENE_TDM	177
SampleB	GENE_TDP	1
SampleB	GENE_TGJ	275
SampleB	GENE_TGM	284326
SampleB	GENE_TGN	252
SampleB	GENE_THV	3
SampleB	GENE_TJN	5251
SampleB	GENE_TJZ	172
SampleB	GENE_TLC	4
SampleB	GENE_TLS	2
SampleB	GENE_TMH	2
SampleB	GENE_TMS	3
SampleB	GENE_TNB	219
SampleB	GENE_TNX	3785
SampleB	GENE_TOF	295
SampleB	GENE_TPY	1
SampleB	GENE_TQC	49518
SampleB	GENE_TSJ	3
SampleB	GENE_TSU	141
SampleB	GENE_TVW	8150
SampleB	GENE_TWA	241
SampleB	GENE_TWJ	211
SampleB	GENE_TXP	334
SampleB	GENE_TXQ	10452
SampleB	GENE_TYP	1
SampleB	GENE_TZH	240
SampleB	GENE_UAZ	3
SampleB	GENE_UBT	275
SampleB	GENE_UCB	514
SampleB	GENE_UCK	1
SampleB	GENE_UCX	4596
SampleB	GENE_UDR	204
SampleB	GENE_UDS	481
SampleB	GENE_UEG	3
SampleB	GENE_UEH	180
SampleB	GENE_UEM	1
SampleB	GENE_UEW	3
SampleB	GENE_UEX	2
SampleB	GENE_UGT	5030
SampleB	GENE_UIW	517
SampleB	GENE_UIY	3
SampleB	GENE_ULY	1
SampleB	GENE_UMH	262
SampleB	GENE_UML	244
SampleB	GENE_UNG	2
SampleB	GENE_UNQ	153
SampleB	GENE_UNS	357
SampleB	GENE_UQG	85948
SampleB	GENE_UQI	354
SampleB	GENE_URI	216
SampleB	GENE_USD	4279
SampleB	GENE_UST	6126
SampleB	GENE_UTH	1
SampleB	GENE_UTZ	2
SampleB	GENE_UWC	2
SampleB	GENE_UXC	2
SampleB	GENE_UXJ	360
SampleB	GENE_UZO	6342
SampleB	GENE_UZV	360
SampleB	GENE_VBO	515864
SampleB	GENE_VBU	265
SampleB	GENE_VCA	1
SampleB	GENE_VCK	56015
SampleB	GENE_VDF	5118
SampleB	GENE_VEF	57624
SampleB	GENE_VEL	60660
SampleB	GENE_VEU	1
SampleB	GENE_VFB	2
SampleB	GENE_VFO	2
SampleB	GENE_VFQ	256
SampleB	GENE_VGS	336
SampleB	GENE_VGU	3
SampleB	GENE_VHA	357
SampleB	GENE_VHS	5731
SampleB	GENE_VIB	261
SampleB	GENE_VIG	10703
SampleB	GENE_VIX	224
SampleB	GENE_VIY	3
SampleB	GENE_VJT	9238
SampleB	GENE_VJU	122
SampleB	GENE_VKT	292
SampleB	GENE_VMA	1
SampleB	GENE_VNB	2
SampleB	GENE_VNF	4
SampleB	GENE_VNM	166
SampleB	GENE_VNP	1
SampleB	GENE_VOC	1
SampleB	GENE_VPF	2
SampleB	GENE_VPG	315
SampleB	GENE_VQN	10345
SampleB	GENE_VRE	1
SampleB	GENE_VRO	277
SampleB	GENE_VRS	146
SampleB	GENE_VTI	431
SampleB	GENE_VTK	5236
SampleB	GENE_VUB	131
SampleB	GENE_VUE	6743
SampleB	GENE_VUM	53928
SampleB	GENE_VUN	121
SampleB	GENE_VUQ	169
SampleB	GENE_VWT	1
SampleB	GENE_VXL	154
SampleB	GENE_VYX	125
SampleB	GENE_WAU	3
SampleB	GENE_WDJ	302558
SampleB	GENE_WDP	1
SampleB	GENE_WDT	3
SampleB	GENE_WFJ	1
SampleB	GENE_WFK	454
SampleB	GENE_WFY	10882
SampleB	GENE_WJK	3
SampleB	GENE_WKI	195
SampleB	GENE_WLC	1
SampleB	GENE_WLF	467
SampleB	GENE_WLM	186
SampleB	GENE_WMJ	7628
SampleB	GENE_WOA	113
SampleB	GENE_WOG	45022
SampleB	GENE_WOI	112
SampleB	GENE_WOY	2
SampleB	GENE_WPD	1
SampleB	GENE_WPJ	2
SampleB	GENE_WRZ	1
SampleB	GENE_WSM	294
SampleB	GENE_WTH	2
SampleB	GENE_WTJ	2
SampleB	GENE_WTR	3
SampleB	GENE_WUL	1
SampleB	GENE_WVI	1
SampleB	GENE_WXM	384
SampleB	GENE_WXO	447
SampleB	GENE_WYF	521
SampleB	GENE_WYX	179
SampleB	GENE_XBM	6020
SampleB	GENE_XBP	506
SampleB	GENE_XCB	3
SampleB	GENE_XCG	434
SampleB	GENE_XCH	2
SampleB	GENE_XCT	1
SampleB	GENE_XEP	2
SampleB	GENE_XEU	428
SampleB	GENE_XFB	9624
SampleB	GENE_XFD	3
SampleB	GENE_XFV	7277
SampleB	GENE_XHK	295
SampleB	GENE_XHY	7129
SampleB	GENE_XJB	132
SampleB	GENE_XJG	1
SampleB	GENE_XKJ	1
SampleB	GENE_XLD	162
SampleB	GENE_XLE	78037
SampleB	GENE_XMK	196
SampleB	GENE_XNT	2
SampleB	GENE_XOM	259
SampleB	GENE_XTN	1
SampleB	GENE_XTP	4808
SampleB	GENE_XVJ	250
SampleB	GENE_XVW	187
SampleB	GENE_XWS	1
SampleB	GENE_XYF	1
SampleB	GENE_XYU	173
SampleB	GENE_YBK	2
SampleB	GENE_YCV	1
SampleB	GENE_YDH	2
SampleB	GENE_YDI	2
SampleB	GENE_YFQ	365
SampleB	GENE_YFZ	140
SampleB	GENE_YGI	2
SampleB	GENE_YGM	1
SampleB	GENE_YGN	7070
SampleB	GENE_YHQ	368
SampleB	GENE_YHR	3
SampleB	GENE_YIN	262
SampleB	GENE_YIZ	8308
SampleB	GENE_YJG	3
SampleB	GENE_YMO	1
SampleB	GENE_YMP	312
SampleB	GENE_YMW	4597
SampleB	GENE_YOI	9254
SampleB	GENE_YQI	2
SampleB	GENE_YQW	383
SampleB	GENE_YRJ	1
SampleB	GENE_YRP	3
SampleB	GENE_YSQ	9153
SampleB	GENE_YTK	7202
SampleB	GENE_YTP	121
SampleB	GENE_YTQ	3
SampleB	GENE_YUK	9446
SampleB	GENE_YUN	8173
SampleB	GENE_YVF	2
SampleB	GENE_YXK	455
SampleB	GENE_YZS	404
SampleB	GENE_YZT	1
SampleB	GENE_ZBY	3
SampleB	GENE_ZCI	439
SampleB	GENE_ZDA	3
SampleB	GENE_ZDE	1
SampleB	GENE_ZDG	3
SampleB	GENE_ZDT	506
SampleB	GENE_ZFQ	231
SampleB	GENE_ZGH	347
SampleB	GENE_ZHO	9480
SampleB	GENE_ZHP	1
SampleB	GENE_ZHQ	2
SampleB	GENE_ZIR	3
SampleB	GENE_ZIV	4
SampleB	GENE_ZKI	384
SampleB	GENE_ZKM	69635
SampleB	GENE_ZKO	65744
SampleB	GENE_ZKW	485
SampleB	GENE_ZLI	161
SampleB	GENE_ZLN	158
SampleB	GENE_ZMA	1
SampleB	GENE_ZMC	1750309
SampleB	GENE_ZMH	130
SampleB	GENE_ZNG	2
SampleB	GENE_ZPG	49571
SampleB	GENE_ZRI	1
SampleB	GENE_ZRK	134
SampleB	GENE_ZRN	252
SampleB	GENE_ZWX	7686
SampleB	GENE_ZXT	2
SampleB	GENE_ZYB	504
SampleB	GENE_ZYX	372
SampleC	GENE_ACK	8656
SampleC	GENE_ACX	111
SampleC	GENE_ADZ	2
SampleC	GENE_AHS	3
SampleC	GENE_AIR	113
SampleC	GENE_AIS	4930
SampleC	GENE_AMZ	3
SampleC	GENE_ANF	1
SampleC	GENE_ANM	1
SampleC	GENE_ANV	2
SampleC	GENE_APG	51076
SampleC	GENE_APJ	2
SampleC	GENE_AQM	6482
SampleC	GENE_ASG	1
SampleC	GENE_ASW	3
SampleC	GENE_ATN	361901
SampleC	GENE_ATP	1
SampleC	GENE_AVR	2
SampleC	GENE_AVX	4080
SampleC	GENE_AWC	10704
SampleC	GENE_AWT	156
SampleC	GENE_AXK	51569
SampleC	GENE_AZD	165
SampleC	GENE_AZE	212
SampleC	GENE_AZH	1
SampleC	GENE_BAE	458
SampleC	GENE_BAK	400
SampleC	GENE_BHN	7374
SampleC	GENE_BIH	405
SampleC	GENE_BIW	262
SampleC	GENE_BJN	2
SampleC	GENE_BKF	1
SampleC	GENE_BKJ	132
SampleC	GENE_BLO	278
SampleC	GENE_BMQ	3
SampleC	GENE_BND	364
SampleC	GENE_BNP	2
SampleC	GENE_BOJ	5256
SampleC	GENE_BQA	131
SampleC	GENE_BSQ	1
SampleC	GENE_BUH	537
SampleC	GENE_BUS	263
SampleC	GENE_BVF	2
SampleC	GENE_BWK	332
SampleC	GENE_BWV	159
SampleC	GENE_BXU	2
SampleC	GENE_BYC	487116
SampleC	GENE_BYS	211
SampleC	GENE_BZL	243
SampleC	GENE_BZS	187
SampleC	GENE_CAM	376
SampleC	GENE_CBD	220
SampleC	GENE_CBQ	162
SampleC	GENE_CBR	8714
SampleC	GENE_CBY	1
SampleC	GENE_CDF	4
SampleC	GENE_CEH	527
SampleC	GENE_CET	1
SampleC	GENE_CEV	464
SampleC	GENE_CFY	407
SampleC	GENE_CHM	3
SampleC	GENE_CIY	2
SampleC	GENE_CJA	322
SampleC	GENE_CKY	4397
SampleC	GENE_CLR	1
SampleC	GENE_CLY	347
SampleC	GENE_CMB	289
SampleC	GENE_CNJ	8451
SampleC	GENE_CNT	1
SampleC	GENE_COL	115
SampleC	GENE_CSX	3
SampleC	GENE_CVK	6517
SampleC	GENE_CVY	2
SampleC	GENE_CVZ	4072
SampleC	GENE_CWX	361
SampleC	GENE_CXB	3794
SampleC	GENE_CYM	2
SampleC	GENE_DBA	456
SampleC	GENE_DBH	8092
SampleC	GENE_DBQ	8090
SampleC	GENE_DBT	434
SampleC	GENE_DCJ	58745
SampleC	GENE_DFC	2
SampleC	GENE_DFN	10452
SampleC	GENE_DGA	1
SampleC	GENE_DHC	3
SampleC	GENE_DHU	1
SampleC	GENE_DIX	384180
SampleC	GENE_DJE	8200
SampleC	GENE_DKO	6886
SampleC	GENE_DKU	1
SampleC	GENE_DLE	1
SampleC	GENE_DNS	1
SampleC	GENE_DON	8028
SampleC	GENE_DPL	5714
SampleC	GENE_DQC	350
SampleC	GENE_DSV	407
SampleC	GENE_DSY	372
SampleC	GENE_DSZ	3
SampleC	GENE_DTI	3
SampleC	GENE_DTN	1
SampleC	GENE_DTO	7622
SampleC	GENE_DTQ	1
SampleC	GENE_DTU	2
SampleC	GENE_DUY	2
SampleC	GENE_DVC	77970
SampleC	GENE_DVX	1
SampleC	GENE_DVY	1
SampleC	GENE_DZF	6962
SampleC	GENE_EAN	197
SampleC	GENE_EBU	215
SampleC	GENE_ECP	150
SampleC	GENE_EDJ	1
SampleC	GENE_EDK	8515
SampleC	GENE_EDO	9133
SampleC	GENE_EFH	4421
SampleC	GENE_EGW	8855
SampleC	GENE_EHF	1
SampleC	GENE_EIN	3928
SampleC	GENE_EJY	340
SampleC	GENE_EKJ	2
SampleC	GENE_EKO	527
SampleC	GENE_ELB	534
SampleC	GENE_ELJ	308
SampleC	GENE_EMH	4022
SampleC	GENE_EMK	470
SampleC	GENE_ENM	5467
SampleC	GENE_ENQ	1
SampleC	GENE_ENW	231
SampleC	GENE_ENZ	220
SampleC	GENE_EOA	210
SampleC	GENE_EPC	365
SampleC	GENE_EPH	1
SampleC	GENE_EPY	3
SampleC	GENE_ERH	8172
SampleC	GENE_ESB	161
SampleC	GENE_ESD	296
SampleC	GENE_ESY	358
SampleC	GENE_ETA	222
SampleC	GENE_EUM	55663
SampleC	GENE_EVI	3
SampleC	GENE_EVU	96230
SampleC	GENE_EWG	4
SampleC	GENE_EXG	1
SampleC	GENE_EZK	340
SampleC	GENE_EZM	231
SampleC	GENE_EZU	118
SampleC	GENE_FAS	2
SampleC	GENE_FBU	4120
SampleC	GENE_FDC	467
SampleC	GENE_FDT	2
SampleC	GENE_FEJ	3
SampleC	GENE_FGM	6406
SampleC	GENE_FGN	128
SampleC	GENE_FGY	174
SampleC	GENE_FHE	132
SampleC	GENE_FJA	373
SampleC	GENE_FKL	8403
SampleC	GENE_FKR	1
SampleC	GENE_FND	4208
SampleC	GENE_FNM	3966
SampleC	GENE_FNX	1
SampleC	GENE_FOE	133
SampleC	GENE_FOR	494
SampleC	GENE_FOX	79792
SampleC	GENE_FQE	4527
SampleC	GENE_FRJ	1
SampleC	GENE_FRP	172
SampleC	GENE_FSP	255
SampleC	GENE_FTQ	3
SampleC	GENE_FUH	1
SampleC	GENE_FUM	272
SampleC	GENE_FVM	1
SampleC	GENE_FWG	304
SampleC	GENE_FWP	346
SampleC	GENE_FXE	230
SampleC	GENE_FXH	92599
SampleC	GENE_FXV	4037
SampleC	GENE_FYQ	8878
SampleC	GENE_GAK	5311
SampleC	GENE_GBM	537
SampleC	GENE_GCA	56307
SampleC	GENE_GDU	2
SampleC	GENE_GED	118
SampleC	GENE_GEL	3
SampleC	GENE_GFE	1
SampleC	GENE_GFH	1
SampleC	GENE_GFZ	1
SampleC	GENE_GIO	171
SampleC	GENE_GIP	8423
SampleC	GENE_GJB	138
SampleC	GENE_GLA	3
SampleC	GENE_GLR	1
SampleC	GENE_GLT	4
SampleC	GENE_GLX	8937
SampleC	GENE_GLY	2
SampleC	GENE_GNJ	3
SampleC	GENE_GOC	1
SampleC	GENE_GPB	213
SampleC	GENE_GPC	2
SampleC	GENE_GPI	66513
SampleC	GENE_GPJ	2
SampleC	GENE_GPN	393
SampleC	GENE_GQT	1
SampleC	GENE_GSE	1
SampleC	GENE_GTY	268
SampleC	GENE_GUA	3
SampleC	GENE_GUR	1
SampleC	GENE_GVH	519
SampleC	GENE_GWV	1
SampleC	GENE_GXK	7384
SampleC	GENE_GXU	225
SampleC	GENE_HAZ	3
SampleC	GENE_HBC	470
SampleC	GENE_HBE	124
SampleC	GENE_HBG	517
SampleC	GENE_HBS	71754
SampleC	GENE_HCP	415
SampleC	GENE_HCT	1
SampleC	GENE_HFB	337
SampleC	GENE_HFO	90403
SampleC	GENE_HJM	4
SampleC	GENE_HJO	1
SampleC	GENE_HKD	527
SampleC	GENE_HKN	547
SampleC	GENE_HLK	317
SampleC	GENE_HLW	276
SampleC	GENE_HMD	110
SampleC	GENE_HMG	1
SampleC	GENE_HMO	482
SampleC	GENE_HMP	154
SampleC	GENE_HMX	113
SampleC	GENE_HNJ	1
SampleC	GENE_HNZ	1
SampleC	GENE_HON	140
SampleC	GENE_HQR	309
SampleC	GENE_HRN	496
SampleC	GENE_HSY	419
SampleC	GENE_HTK	129
SampleC	GENE_HTO	2
SampleC	GENE_HTZ	419
SampleC	GENE_HUB	90631
SampleC	GENE_HUX	2
SampleC	GENE_HWU	1
SampleC	GENE_HXT	2
SampleC	GENE_IAQ	2
SampleC	GENE_IBE	1
SampleC	GENE_IBJ	210
SampleC	GENE_ICM	1
SampleC	GENE_IEB	2
SampleC	GENE_IEQ	45839
SampleC	GENE_IEY	225
SampleC	GENE_IGL	200
SampleC	GENE_IGO	152
SampleC	GENE_IHX	179
SampleC	GENE_IJC	1
SampleC	GENE_IML	2
SampleC	GENE_INK	7042
SampleC	GENE_INT	4
SampleC	GENE_IOH	194
SampleC	GENE_IOV	436
SampleC	GENE_IPE	1
SampleC	GENE_IRU	314
SampleC	GENE_IRZ	3
SampleC	GENE_ISJ	2
SampleC	GENE_ISL	208
SampleC	GENE_IUO	6026
SampleC	GENE_IWC	471
SampleC	GENE_IXH	150
SampleC	GENE_IXV	216
SampleC	GENE_IYP	2
SampleC	GENE_IYU	9661
SampleC	GENE_IZT	51552
SampleC	GENE_JAH	2
SampleC	GENE_JAM	1
SampleC	GENE_JAT	301
SampleC	GENE_JBE	69548
SampleC	GENE_JBI	502
SampleC	GENE_JCV	1
SampleC	GENE_JCZ	4
SampleC	GENE_JEV	1
SampleC	GENE_JFG	6168
SampleC	GENE_JFX	9054
SampleC	GENE_JGE	198
SampleC	GENE_JGH	270
SampleC	GENE_JGY	2
SampleC	GENE_JHP	339
SampleC	GENE_JHS	54483
SampleC	GENE_JKH	5015
SampleC	GENE_JKS	1
SampleC	GENE_JLW	3
SampleC	GENE_JLZ	3
SampleC	GENE_JMU	2
SampleC	GENE_JNF	1
SampleC	GENE_JNK	456
SampleC	GENE_JOT	1
SampleC	GENE_JPA	342
SampleC	GENE_JPC	8752
SampleC	GENE_JPX	2
SampleC	GENE_JQZ	281
SampleC	GENE_JSK	6621
SampleC	GENE_JSM	180
SampleC	GENE_JTI	300
SampleC	GENE_JWV	366
SampleC	GENE_JYO	10583
SampleC	GENE_JZM	199
SampleC	GENE_KCT	8925
SampleC	GENE_KCY	206
SampleC	GENE_KED	4
SampleC	GENE_KEG	226
SampleC	GENE_KFR	1
SampleC	GENE_KGE	3
SampleC	GENE_KGU	484
SampleC	GENE_KHE	171
SampleC	GENE_KHL	6258
SampleC	GENE_KIY	177
SampleC	GENE_KJS	1
SampleC	GENE_KLG	1
SampleC	GENE_KLT	1
SampleC	GENE_KNE	2
SampleC	GENE_KNR	2
SampleC	GENE_KOM	115
SampleC	GENE_KPX	1
SampleC	GENE_KQJ	2
SampleC	GENE_KQO	2
SampleC	GENE_KRA	415
SampleC	GENE_KRI	178
SampleC	GENE_KRJ	3
SampleC	GENE_KRT	3
SampleC	GENE_KRW	2
SampleC	GENE_KSN	3865
SampleC	GENE_KST	2
SampleC	GENE_KSY	1
SampleC	GENE_KTP	1
SampleC	GENE_KUS	4229
SampleC	GENE_KUZ	188
SampleC	GENE_KVR	510
SampleC	GENE_KVU	248
SampleC	GENE_KWM	2
SampleC	GENE_KXF	363
SampleC	GENE_KXV	292
SampleC	GENE_KYR	2
SampleC	GENE_KZE	1
SampleC	GENE_KZR	2
SampleC	GENE_LAO	1
SampleC	GENE_LBI	2
SampleC	GENE_LBR	1
SampleC	GENE_LBW	296
SampleC	GENE_LCA	509
SampleC	GENE_LDH	3
SampleC	GENE_LDS	4
SampleC	GENE_LEQ	1
SampleC	GENE_LFA	336
SampleC	GENE_LGS	180
SampleC	GENE_LHC	120
SampleC	GENE_LHV	3
SampleC	GENE_LIM	276
SampleC	GENE_LJA	1
SampleC	GENE_LJZ	89929
SampleC	GENE_LMA	149
SampleC	GENE_LNT	92707
SampleC	GENE_LNV	409
SampleC	GENE_LQT	3
SampleC	GENE_LQV	4919
SampleC	GENE_LSD	411
SampleC	GENE_LSE	363
SampleC	GENE_LSM	2
SampleC	GENE_LUE	378
SampleC	GENE_LUK	496
SampleC	GENE_LVD	2
SampleC	GENE_LVI	3
SampleC	GENE_LXF	314
SampleC	GENE_LYS	228
SampleC	GENE_LZC	372
SampleC	GENE_LZK	1
SampleC	GENE_MAG	243
SampleC	GENE_MAS	4922
SampleC	GENE_MBU	2
SampleC	GENE_MCH	543
SampleC	GENE_MDC	274
SampleC	GENE_MDG	1
SampleC	GENE_MFS	1
SampleC	GENE_MFX	2
SampleC	GENE_MFZ	1
SampleC	GENE_MGN	1
SampleC	GENE_MGV	68663
SampleC	GENE_MHK	1
SampleC	GENE_MIO	352
SampleC	GENE_MJO	1
SampleC	GENE_MJS	2
SampleC	GENE_MJW	2
SampleC	GENE_MJY	3925
SampleC	GENE_MNQ	4
SampleC	GENE_MNR	6372
SampleC	GENE_MPQ	6201
SampleC	GENE_MRD	245
SampleC	GENE_MRY	1
SampleC	GENE_MSB	254
SampleC	GENE_MSU	6034
SampleC	GENE_MSY	1
SampleC	GENE_MUO	185
SampleC	GENE_MVF	3
SampleC	GENE_MVW	4951
SampleC	GENE_MWK	489
SampleC	GENE_MWR	110
SampleC	GENE_MXI	3
SampleC	GENE_MXO	307
SampleC	GENE_MYZ	1
SampleC	GENE_MZC	199
SampleC	GENE_NAP	387
SampleC	GENE_NBA	1
SampleC	GENE_NBG	1
SampleC	GENE_NBZ	310
SampleC	GENE_NDH	3
SampleC	GENE_NEY	1
SampleC	GENE_NGI	482
SampleC	GENE_NGR	1
SampleC	GENE_NGY	10013
SampleC	GENE_NHK	2
SampleC	GENE_NIA	1
SampleC	GENE_NIK	309
SampleC	GENE_NJG	122
SampleC	GENE_NJU	172
SampleC	GENE_NKT	178
SampleC	GENE_NLB	4819
SampleC	GENE_NQT	2
SampleC	GENE_NRP	2
SampleC	GENE_NSJ	126
SampleC	GENE_NSM	3
SampleC	GENE_NTE	87963
SampleC	GENE_NTY	3
SampleC	GENE_NUQ	263
SampleC	GENE_NVD	4
SampleC	GENE_NVE	303
SampleC	GENE_NVU	353
SampleC	GENE_NWG	1
SampleC	GENE_NXI	2
SampleC	GENE_NYU	3
SampleC	GENE_NYW	4
SampleC	GENE_NZA	1
SampleC	GENE_NZI	2
SampleC	GENE_NZJ	4
SampleC	GENE_ODL	260
SampleC	GENE_ODR	2
SampleC	GENE_OJD	3
SampleC	GENE_OLZ	336
SampleC	GENE_OMD	334
SampleC	GENE_OMF	1
SampleC	GENE_OMI	5890
SampleC	GENE_ONG	7672
SampleC	GENE_ONQ	1
SampleC	GENE_ONU	3
SampleC	GENE_OPW	4
SampleC	GENE_ORX	1
SampleC	GENE_ORZ	2
SampleC	GENE_OTD	1
SampleC	GENE_OTE	3
SampleC	GENE_OTZ	156
SampleC	GENE_OVA	1
SampleC	GENE_OVQ	1
SampleC	GENE_OWI	363
SampleC	GENE_OWQ	202
SampleC	GENE_OWT	130
SampleC	GENE_OXM	290
SampleC	GENE_OZC	1
SampleC	GENE_OZG	3
SampleC	GENE_PAH	6301
SampleC	GENE_PBD	3
SampleC	GENE_PCI	311
SampleC	GENE_PCM	291
SampleC	GENE_PDY	9419
SampleC	GENE_PEX	5327
SampleC	GENE_PFH	309
SampleC	GENE_PGD	2
SampleC	GENE_PGZ	327
SampleC	GENE_PIS	216
SampleC	GENE_PIU	2
SampleC	GENE_PJO	470
SampleC	GENE_PKU	127
SampleC	GENE_PLN	195
SampleC	GENE_PMW	346
SampleC	GENE_POH	164
SampleC	GENE_POS	1
SampleC	GENE_POZ	275
SampleC	GENE_PQG	123
SampleC	GENE_PRG	119
SampleC	GENE_PRW	319
SampleC	GENE_PSY	178
SampleC	GENE_PTM	139
SampleC	GENE_PVK	202
SampleC	GENE_PVS	3
SampleC	GENE_PVT	192
SampleC	GENE_PVW	10208
SampleC	GENE_PWQ	3
SampleC	GENE_PXY	170
SampleC	GENE_PYD	146
SampleC	GENE_PYZ	1
SampleC	GENE_PZX	118
SampleC	GENE_QAN	268
SampleC	GENE_QCH	449
SampleC	GENE_QEA	1
SampleC	GENE_QEL	184
SampleC	GENE_QEN	73871
SampleC	GENE_QFX	3
SampleC	GENE_QGH	395
SampleC	GENE_QGP	545
SampleC	GENE_QGX	277
SampleC	GENE_QGY	3
SampleC	GENE_QHF	501
SampleC	GENE_QIG	3
SampleC	GENE_QIW	1
SampleC	GENE_QJV	530
SampleC	GENE_QJZ	274
SampleC	GENE_QKC	3
SampleC	GENE_QKI	336
SampleC	GENE_QMK	529
SampleC	GENE_QMX	168
SampleC	GENE_QMY	4160
SampleC	GENE_QPB	1
SampleC	GENE_QPJ	8867
SampleC	GENE_QSN	5551
SampleC	GENE_QTH	1
SampleC	GENE_QTI	1
SampleC	GENE_QUA	457
SampleC	GENE_QUF	3
SampleC	GENE_QVB	3
SampleC	GENE_QWB	204
SampleC	GENE_QWH	1
SampleC	GENE_QWI	6807
SampleC	GENE_QYB	158
SampleC	GENE_QZC	1
SampleC	GENE_QZD	8096
SampleC	GENE_RAL	10802
SampleC	GENE_RBG	232
SampleC	GENE_RBO	157
SampleC	GENE_RBQ	313
SampleC	GENE_RCO	5558
SampleC	GENE_RCT	221
SampleC	GENE_RDZ	2
SampleC	GENE_REC	3
SampleC	GENE_RET	154
SampleC	GENE_RFA	415
SampleC	GENE_RFS	130
SampleC	GENE_RKF	311
SampleC	GENE_RKT	355
SampleC	GENE_RLC	1
SampleC	GENE_RLM	3
SampleC	GENE_RLU	269
SampleC	GENE_RMU	1
SampleC	GENE_RNH	161
SampleC	GENE_RNM	475
SampleC	GENE_RNO	1
SampleC	GENE_RNP	190
SampleC	GENE_RNS	315
SampleC	GENE_RNT	49247
SampleC	GENE_RNU	3
SampleC	GENE_ROD	297
SampleC	GENE_RPT	139
SampleC	GENE_RQY	4428
SampleC	GENE_RSK	340
SampleC	GENE_RTE	1
SampleC	GENE_RUL	1
SampleC	GENE_RUS	1
SampleC	GENE_RWD	2057884
SampleC	GENE_RWI	1
SampleC	GENE_RXI	6210
SampleC	GENE_RXL	83820
SampleC	GENE_RYM	6065
SampleC	GENE_RYU	1
SampleC	GENE_RYW	52545
SampleC	GENE_RZX	3
SampleC	GENE_SAU	463
SampleC	GENE_SBH	2
SampleC	GENE_SCA	7907
SampleC	GENE_SDB	4058
SampleC	GENE_SDI	183
SampleC	GENE_SDZ	1
SampleC	GENE_SEI	1
SampleC	GENE_SEX	1
SampleC	GENE_SHF	2
SampleC	GENE_SHN	4
SampleC	GENE_SJN	448
SampleC	GENE_SKU	82997
SampleC	GENE_SLJ	480
SampleC	GENE_SLZ	3
SampleC	GENE_SML	3
SampleC	GENE_SNC	2
SampleC	GENE_SNW	2
SampleC	GENE_SOT	317
SampleC	GENE_SPJ	202
SampleC	GENE_SQN	2
SampleC	GENE_SQZ	2
SampleC	GENE_SRC	2
SampleC	GENE_STD	5282
SampleC	GENE_STY	10901
SampleC	GENE_SWB	225
SampleC	GENE_SWD	4650
SampleC	GENE_SXL	472
SampleC	GENE_SZA	526
SampleC	GENE_SZL	3989
SampleC	GENE_TDI	1
SampleC	GENE_TDM	227
SampleC	GENE_TGJ	3837
SampleC	GENE_TGM	3
SampleC	GENE_TGN	3
SampleC	GENE_TGU	299
SampleC	GENE_TIX	1
SampleC	GENE_TJI	178
SampleC	GENE_TJN	2
SampleC	GENE_TKL	7004
SampleC	GENE_TLV	1
SampleC	GENE_TLZ	3
SampleC	GENE_TMI	198
SampleC	GENE_TMS	3
SampleC	GENE_TNB	188
SampleC	GENE_TNI	402
SampleC	GENE_TPX	192
SampleC	GENE_TQH	247
SampleC	GENE_TQK	123
SampleC	GENE_TQL	4
SampleC	GENE_TRH	540
SampleC	GENE_TSB	200
SampleC	GENE_TSJ	1
SampleC	GENE_TUW	3791
SampleC	GENE_TVJ	1
SampleC	GENE_TVO	4858
SampleC	GENE_TWA	1
SampleC	GENE_TWJ	1
SampleC	GENE_TXP	2
SampleC	GENE_TZC	236
SampleC	GENE_TZH	2
SampleC	GENE_TZL	1
SampleC	GENE_UAG	2
SampleC	GENE_UAZ	126
SampleC	GENE_UCK	211
SampleC	GENE_UDJ	3
SampleC	GENE_UDS	58442
SampleC	GENE_UDW	299
SampleC	GENE_UDZ	499
SampleC	GENE_UEH	1
SampleC	GENE_UEM	48451
SampleC	GENE_UEQ	3
SampleC	GENE_UET	4690
SampleC	GENE_UEW	9048
SampleC	GENE_UEX	1
SampleC	GENE_UGC	157
SampleC	GENE_UGT	124
SampleC	GENE_UGX	477
SampleC	GENE_UIW	1
SampleC	GENE_UIY	1
SampleC	GENE_UJP	319
SampleC	GENE_UKJ	1
SampleC	GENE_UKO	340
SampleC	GENE_ULY	418
SampleC	GENE_UMH	315
SampleC	GENE_UML	411
SampleC	GENE_UNG	1
SampleC	GENE_UNV	8121
SampleC	GENE_UNW	1
SampleC	GENE_UQK	1
SampleC	GENE_USD	1
SampleC	GENE_UTH	440
SampleC	GENE_UTR	444
SampleC	GENE_UTS	1
SampleC	GENE_UZO	1
SampleC	GENE_UZP	375
SampleC	GENE_VBL	7843
SampleC	GENE_VBS	3
SampleC	GENE_VBZ	395
SampleC	GENE_VCA	4
SampleC	GENE_VEF	7591
SampleC	GENE_VFQ	7587
SampleC	GENE_VGU	3
SampleC	GENE_VHA	292250
SampleC	GENE_VHP	95977
SampleC	GENE_VIF	1
SampleC	GENE_VIY	1
SampleC	GENE_VKT	1
SampleC	GENE_VLB	448
SampleC	GENE_VLC	3
SampleC	GENE_VLO	267
SampleC	GENE_VNM	120
SampleC	GENE_VNP	2
SampleC	GENE_VOC	435
SampleC	GENE_VPF	288
SampleC	GENE_VPG	2
SampleC	GENE_VPJ	421
SampleC	GENE_VQJ	10737
SampleC	GENE_VQR	5050
SampleC	GENE_VQU	6267
SampleC	GENE_VRO	288
SampleC	GENE_VSP	386
SampleC	GENE_VUB	67244
SampleC	GENE_VUZ	2
SampleC	GENE_VWR	138
SampleC	GENE_VXL	1
SampleC	GENE_VYN	2
SampleC	GENE_VYX	199
SampleC	GENE_VZO	1
SampleC	GENE_WAU	329
SampleC	GENE_WBI	120
SampleC	GENE_WCM	5793
SampleC	GENE_WCU	2
SampleC	GENE_WDJ	170
SampleC	GENE_WDT	351
SampleC	GENE_WFK	1
SampleC	GENE_WFP	3
SampleC	GENE_WFU	204
SampleC	GENE_WGV	142
SampleC	GENE_WIY	269
SampleC	GENE_WJF	2
SampleC	GENE_WJK	539
SampleC	GENE_WLM	327
SampleC	GENE_WOD	464
SampleC	GENE_WOG	3
SampleC	GENE_WPJ	1
SampleC	GENE_WPV	2
SampleC	GENE_WRZ	281
SampleC	GENE_WTF	196
SampleC	GENE_WTH	2
SampleC	GENE_WTJ	434
SampleC	GENE_WTP	9059
SampleC	GENE_WUL	209
SampleC	GENE_WUM	2
SampleC	GENE_WVI	521
SampleC	GENE_WXC	72146
SampleC	GENE_WYF	3
SampleC	GENE_WYM	8397
SampleC	GENE_XBM	2
SampleC	GENE_XCG	323
SampleC	GENE_XCH	8780
SampleC	GENE_XEP	3
SampleC	GENE_XFB	10464
SampleC	GENE_XFD	1
SampleC	GENE_XFG	1
SampleC	GENE_XHK	2
SampleC	GENE_XHL	1
SampleC	GENE_XHY	395
SampleC	GENE_XIC	3
SampleC	GENE_XJC	9976
SampleC	GENE_XJP	1
SampleC	GENE_XKJ	305
SampleC	GENE_XLD	1
SampleC	GENE_XLE	111
SampleC	GENE_XLI	1
SampleC	GENE_XLN	293483
SampleC	GENE_XNS	1
SampleC	GENE_XOD	255
SampleC	GENE_XPV	2
SampleC	GENE_XQB	10183
SampleC	GENE_XRC	1
SampleC	GENE_XTN	172
SampleC	GENE_XUF	1
SampleC	GENE_XUY	6466
SampleC	GENE_XVW	1
SampleC	GENE_XYF	1
SampleC	GENE_YBN	396
SampleC	GENE_YDH	128
SampleC	GENE_YER	251
SampleC	GENE_YFX	121
SampleC	GENE_YFZ	4
SampleC	GENE_YGS	7260
SampleC	GENE_YHL	1
SampleC	GENE_YHQ	165
SampleC	GENE_YHT	1
SampleC	GENE_YLD	3
SampleC	GENE_YLV	487
SampleC	GENE_YMP	305
SampleC	GENE_YPQ	1891278
SampleC	GENE_YQI	2
SampleC	GENE_YQW	1
SampleC	GENE_YQX	2
SampleC	GENE_YRH	187
SampleC	GENE_YRP	1
SampleC	GENE_YRX	8000
SampleC	GENE_YSQ	1
SampleC	GENE_YSR	2
SampleC	GENE_YTA	6964
SampleC	GENE_YTP	3
SampleC	GENE_YVF	265
SampleC	GENE_YVW	1
SampleC	GENE_YWP	2
SampleC	GENE_YWX	10351
SampleC	GENE_YXA	1
SampleC	GENE_YZT	2
SampleC	GENE_ZAX	4582
SampleC	GENE_ZAY	274
SampleC	GENE_ZCJ	1
SampleC	GENE_ZDA	9356
SampleC	GENE_ZDE	1
SampleC	GENE_ZDJ	471
SampleC	GENE_ZDU	3
SampleC	GENE_ZFB	2
SampleC	GENE_ZGH	1
SampleC	GENE_ZGR	4
SampleC	GENE_ZHM	3
SampleC	GENE_ZHP	1
SampleC	GENE_ZIH	2
SampleC	GENE_ZKC	202
SampleC	GENE_ZKW	3
SampleC	GENE_ZLI	1
SampleC	GENE_ZMA	239
SampleC	GENE_ZMC	432
SampleC	GENE_ZMK	4465
SampleC	GENE_ZOJ	115
SampleC	GENE_ZOR	9715
SampleC	GENE_ZPG	1
SampleC	GENE_ZRC	281
SampleC	GENE_ZRD	112
SampleC	GENE_ZRI	2
SampleC	GENE_ZRJ	1
SampleC	GENE_ZRK	4
SampleC	GENE_ZRQ	1
SampleC	GENE_ZTE	5054
SampleC	GENE_ZVB	2
SampleC	GENE_ZVN	315
SampleC	GENE_ZXJ	6043
SampleC	GENE_ZYX	43753
SampleD	GENE_ACF	323
SampleD	GENE_ADG	3
SampleD	GENE_ADM	4884
SampleD	GENE_ADZ	2
SampleD	GENE_AEC	263
SampleD	GENE_AEH	90677
SampleD	GENE_AFS	346
SampleD	GENE_AFU	235
SampleD	GENE_AGF	350
SampleD	GENE_AIL	6750
SampleD	GENE_AIR	2
SampleD	GENE_AIS	145
SampleD	GENE_ALY	192
SampleD	GENE_AMP	2
SampleD	GENE_AMZ	131
SampleD	GENE_ANL	6974
SampleD	GENE_APF	2
SampleD	GENE_APG	56777
SampleD	GENE_AQM	187
SampleD	GENE_ASG	1
SampleD	GENE_AST	3
SampleD	GENE_ATO	334
SampleD	GENE_ATW	4667
SampleD	GENE_AWC	2
SampleD	GENE_AYP	65444
SampleD	GENE_AZD	4
SampleD	GENE_AZE	2
SampleD	GENE_AZH	161
SampleD	GENE_BAE	269
SampleD	GENE_BAK	2
SampleD	GENE_BAS	4415
SampleD	GENE_BEG	82746
SampleD	GENE_BEU	2
SampleD	GENE_BHD	197
SampleD	GENE_BHX	3
SampleD	GENE_BIH	2
SampleD	GENE_BKF	455
SampleD	GENE_BKJ	1
SampleD	GENE_BKY	164
SampleD	GENE_BLO	118
SampleD	GENE_BMC	439
SampleD	GENE_BNY	7495
SampleD	GENE_BOJ	7289
SampleD	GENE_BQL	4494
SampleD	GENE_BSQ	2
SampleD	GENE_BSV	461
SampleD	GENE_BVU	462
SampleD	GENE_BWK	184
SampleD	GENE_BXU	137
SampleD	GENE_BZS	3
SampleD	GENE_BZY	1
SampleD	GENE_CAK	3
SampleD	GENE_CAO	7103
SampleD	GENE_CBD	2
SampleD	GENE_CBG	1
SampleD	GENE_CBQ	217
SampleD	GENE_CBY	9138
SampleD	GENE_CEV	249
SampleD	GENE_CFJ	195
SampleD	GENE_CFY	3
SampleD	GENE_CHS	511
SampleD	GENE_CKW	212
SampleD	GENE_CLR	10632
SampleD	GENE_CLY	160
SampleD	GENE_CMB	2
SampleD	GENE_CMD	1
SampleD	GENE_CNJ	508
SampleD	GENE_COL	6149
SampleD	GENE_COZ	1
SampleD	GENE_CPS	2
SampleD	GENE_CQV	1
SampleD	GENE_CTV	71950
SampleD	GENE_CUQ	2
SampleD	GENE_CUZ	3
SampleD	GENE_CVK	4685
SampleD	GENE_CVL	3
SampleD	GENE_CVY	6360
SampleD	GENE_CVZ	137
SampleD	GENE_CWX	486
SampleD	GENE_CXB	173
SampleD	GENE_CYF	129
SampleD	GENE_CYU	345
SampleD	GENE_CZT	9099
SampleD	GENE_DBA	1
SampleD	GENE_DBH	1
SampleD	GENE_DBT	4
SampleD	GENE_DHC	121
SampleD	GENE_DHU	192
SampleD	GENE_DHW	8479
SampleD	GENE_DJE	371
SampleD	GENE_DKG	10656
SampleD	GENE_DKO	3
SampleD	GENE_DKU	1
SampleD	GENE_DMY	3
SampleD	GENE_DQC	150
SampleD	GENE_DSV	241
SampleD	GENE_DSY	2
SampleD	GENE_DTU	7625
SampleD	GENE_DUK	3
SampleD	GENE_DUM	2
SampleD	GENE_DVQ	1
SampleD	GENE_DVY	214
SampleD	GENE_DWQ	1
SampleD	GENE_DXM	1
SampleD	GENE_DYM	4
SampleD	GENE_DZQ	1
SampleD	GENE_DZT	174
SampleD	GENE_EAP	1
SampleD	GENE_EBP	149
SampleD	GENE_ECF	395
SampleD	GENE_ECL	6301
SampleD	GENE_ECM	143
SampleD	GENE_ECX	2
SampleD	GENE_EDK	470
SampleD	GENE_EDO	1
SampleD	GENE_EGQ	1
SampleD	GENE_EKJ	3
SampleD	GENE_EKL	242
SampleD	GENE_ELB	5831
SampleD	GENE_ELJ	222
SampleD	GENE_EML	1
SampleD	GENE_ENF	1
SampleD	GENE_ENM	1
SampleD	GENE_ENQ	522
SampleD	GENE_EOA	1
SampleD	GENE_EOU	2
SampleD	GENE_EPC	8965
SampleD	GENE_EPH	6739
SampleD	GENE_EPY	3
SampleD	GENE_ESB	3
SampleD	GENE_EUN	165
SampleD	GENE_EWA	44537
SampleD	GENE_EWN	301
SampleD	GENE_EXD	117
SampleD	GENE_EZD	329
SampleD	GENE_EZK	10323
SampleD	GENE_EZU	206
SampleD	GENE_FBQ	1
SampleD	GENE_FDT	120
SampleD	GENE_FEJ	1
SampleD	GENE_FGE	344
SampleD	GENE_FGN	470
SampleD	GENE_FGS	8708
SampleD	GENE_FGY	360869
SampleD	GENE_FHQ	10161
SampleD	GENE_FKA	460
SampleD	GENE_FKH	1
SampleD	GENE_FKL	6451
SampleD	GENE_FKR	7486
SampleD	GENE_FNE	363
SampleD	GENE_FNX	226
SampleD	GENE_FNZ	2
SampleD	GENE_FOX	501
SampleD	GENE_FPD	2
SampleD	GENE_FPR	301
SampleD	GENE_FQI	1
SampleD	GENE_FQJ	1
SampleD	GENE_FRC	4
SampleD	GENE_FRP	152
SampleD	GENE_FSE	3
SampleD	GENE_FTI	1
SampleD	GENE_FTP	6285
SampleD	GENE_FTX	459
SampleD	GENE_FUH	1
SampleD	GENE_FVM	2
SampleD	GENE_FVW	492
SampleD	GENE_FYK	2
SampleD	GENE_FZI	1
SampleD	GENE_GAM	387
SampleD	GENE_GBM	2
SampleD	GENE_GDL	9721
SampleD	GENE_GDU	3
SampleD	GENE_GED	183
SampleD	GENE_GEJ	7777
SampleD	GENE_GEL	420
SampleD	GENE_GFH	46326
SampleD	GENE_GFX	498
SampleD	GENE_GHB	2
SampleD	GENE_GIP	67236
SampleD	GENE_GIQ	353
SampleD	GENE_GIY	325
SampleD	GENE_GJB	2
SampleD	GENE_GJH	1
SampleD	GENE_GKT	1
SampleD	GENE_GLA	298
SampleD	GENE_GLR	177
SampleD	GENE_GLT	205
SampleD	GENE_GLX	232
SampleD	GENE_GMY	3
SampleD	GENE_GNC	1
SampleD	GENE_GNK	6357
SampleD	GENE_GOC	414
SampleD	GENE_GOW	10261
SampleD	GENE_GPI	216
SampleD	GENE_GPJ	464
SampleD	GENE_GPN	49876
SampleD	GENE_GRS	117
SampleD	GENE_GSF	4421
SampleD	GENE_GSO	353
SampleD	GENE_GTY	1
SampleD	GENE_GUA	545
SampleD	GENE_GUR	8252
SampleD	GENE_GUS	3
SampleD	GENE_GUX	367
SampleD	GENE_GWE	1833733
SampleD	GENE_GWH	1
SampleD	GENE_GWN	1
SampleD	GENE_GWV	1
SampleD	GENE_GXK	3
SampleD	GENE_GYJ	9341
SampleD	GENE_GYP	2
SampleD	GENE_HAB	3
SampleD	GENE_HAU	228
SampleD	GENE_HAZ	2
SampleD	GENE_HBC	5856
SampleD	GENE_HBE	4553
SampleD	GENE_HBG	3
SampleD	GENE_HBS	126
SampleD	GENE_HCP	139
SampleD	GENE_HET	353
SampleD	GENE_HFB	1
SampleD	GENE_HJM	110
SampleD	GENE_HKA	128
SampleD	GENE_HLS	2
SampleD	GENE_HLT	1
SampleD	GENE_HLW	76945
SampleD	GENE_HMG	6382
SampleD	GENE_HMP	1
SampleD	GENE_HMQ	243
SampleD	GENE_HNJ	202
SampleD	GENE_HON	2
SampleD	GENE_HOU	123
SampleD	GENE_HOY	7611
SampleD	GENE_HQG	2
SampleD	GENE_HQM	3
SampleD	GENE_HQV	250
SampleD	GENE_HRN	2
SampleD	GENE_HRO	316
SampleD	GENE_HSK	1
SampleD	GENE_HTK	3
SampleD	GENE_HTO	4801
SampleD	GENE_HTV	323
SampleD	GENE_HTZ	350
SampleD	GENE_HUX	1
SampleD	GENE_HVM	2
SampleD	GENE_HWM	122
SampleD	GENE_HWT	198
SampleD	GENE_HWU	463
SampleD	GENE_HXT	3
SampleD	GENE_IAQ	1
SampleD	GENE_IAY	113
SampleD	GENE_IBE	3
SampleD	GENE_IBZ	347
SampleD	GENE_ICG	5929
SampleD	GENE_ICM	200
SampleD	GENE_IEB	1
SampleD	GENE_IEQ	1
SampleD	GENE_IFL	271
SampleD	GENE_IFQ	526
SampleD	GENE_IFW	144
SampleD	GENE_IJC	5339
SampleD	GENE_IJN	69164
SampleD	GENE_IJT	6779
SampleD	GENE_IKO	3
SampleD	GENE_ILW	295
SampleD	GENE_IML	361
SampleD	GENE_IMO	1
SampleD	GENE_INK	138
SampleD	GENE_INV	7486
SampleD	GENE_IOU	10347
SampleD	GENE_IOV	141
SampleD	GENE_IPZ	330
SampleD	GENE_IRU	492
SampleD	GENE_IRX	1
SampleD	GENE_ISJ	416
SampleD	GENE_ISL	133
SampleD	GENE_ISZ	2
SampleD	GENE_IUC	233
SampleD	GENE_IVN	414
SampleD	GENE_IWC	1
SampleD	GENE_IZL	3
SampleD	GENE_JAE	3
SampleD	GENE_JAM	8991
SampleD	GENE_JAT	2
SampleD	GENE_JCE	151
SampleD	GENE_JCM	131
SampleD	GENE_JCV	216
SampleD	GENE_JCZ	10146
SampleD	GENE_JDG	1
SampleD	GENE_JEG	7513
SampleD	GENE_JEP	291
SampleD	GENE_JFO	1
SampleD	GENE_JFU	201
SampleD	GENE_JGH	179
SampleD	GENE_JIL	208
SampleD	GENE_JKS	61353
SampleD	GENE_JKU	1
SampleD	GENE_JLT	2
SampleD	GENE_JLX	3
SampleD	GENE_JMS	371
SampleD	GENE_JMU	4840
SampleD	GENE_JMZ	270
SampleD	GENE_JOT	122
SampleD	GENE_JPC	311
SampleD	GENE_JPX	1
SampleD	GENE_JQC	285
SampleD	GENE_JRF	5024
SampleD	GENE_JTA	110
SampleD	GENE_JVX	122
SampleD	GENE_JXE	118
SampleD	GENE_JYC	317
SampleD	GENE_JYX	116
SampleD	GENE_KBW	1
SampleD	GENE_KCY	1
SampleD	GENE_KEA	1
SampleD	GENE_KED	2
SampleD	GENE_KFJ	1
SampleD	GENE_KFL	3
SampleD	GENE_KGE	3
SampleD	GENE_KIF	3
SampleD	GENE_KLC	182
SampleD	GENE_KLT	150
SampleD	GENE_KOE	288
SampleD	GENE_KOL	6464
SampleD	GENE_KON	129
SampleD	GENE_KOR	118
SampleD	GENE_KPS	6341
SampleD	GENE_KQJ	3
SampleD	GENE_KRI	3
SampleD	GENE_KRT	2
SampleD	GENE_KST	56058
SampleD	GENE_KTY	210
SampleD	GENE_KVR	52857
SampleD	GENE_KVU	323
SampleD	GENE_KXF	285
SampleD	GENE_KYF	339
SampleD	GENE_KZE	1
SampleD	GENE_LBC	236
SampleD	GENE_LBJ	304
SampleD	GENE_LCA	1
SampleD	GENE_LCH	2
SampleD	GENE_LDH	6704
SampleD	GENE_LEA	154
SampleD	GENE_LEQ	530
SampleD	GENE_LGD	1
SampleD	GENE_LGS	324
SampleD	GENE_LHC	221
SampleD	GENE_LHV	285
SampleD	GENE_LHW	1
SampleD	GENE_LIA	3
SampleD	GENE_LIM	7903
SampleD	GENE_LMA	3
SampleD	GENE_LMR	260
SampleD	GENE_LNB	443
SampleD	GENE_LNT	2
SampleD	GENE_LPZ	2
SampleD	GENE_LQB	2
SampleD	GENE_LQN	1
SampleD	GENE_LQR	1
SampleD	GENE_LQV	4027
SampleD	GENE_LUH	4
SampleD	GENE_LUI	8805
SampleD	GENE_LVD	3
SampleD	GENE_LVI	4251
SampleD	GENE_LWO	76491
SampleD	GENE_LYS	272
SampleD	GENE_LZC	400
SampleD	GENE_MAK	206
SampleD	GENE_MAL	494
SampleD	GENE_MBU	3
SampleD	GENE_MCH	6784
SampleD	GENE_MCO	341
SampleD	GENE_MDC	2
SampleD	GENE_MDG	1
SampleD	GENE_MFS	200
SampleD	GENE_MFX	85569
SampleD	GENE_MFZ	2
SampleD	GENE_MGN	2
SampleD	GENE_MGT	269
SampleD	GENE_MHK	138
SampleD	GENE_MIO	1
SampleD	GENE_MIR	2
SampleD	GENE_MIZ	1
SampleD	GENE_MJO	189
SampleD	GENE_MJP	1
SampleD	GENE_MJY	45632
SampleD	GENE_MNQ	4119
SampleD	GENE_MNR	51528
SampleD	GENE_MOS	2
SampleD	GENE_MRD	281
SampleD	GENE_MSB	3
SampleD	GENE_MSU	166
SampleD	GENE_MTU	8884
SampleD	GENE_MTV	327
SampleD	GENE_MUO	1
SampleD	GENE_MVO	207
SampleD	GENE_MWO	290
SampleD	GENE_MXL	383
SampleD	GENE_MXO	392
SampleD	GENE_MYA	7837
SampleD	GENE_MYW	484
SampleD	GENE_MZC	433
SampleD	GENE_MZD	7763
SampleD	GENE_NAL	3
SampleD	GENE_NBA	150
SampleD	GENE_NBG	2
SampleD	GENE_NBZ	61340
SampleD	GENE_NCX	1
SampleD	GENE_NDH	3
SampleD	GENE_NDI	202
SampleD	GENE_NEY	110
SampleD	GENE_NFJ	478
SampleD	GENE_NFT	4795
SampleD	GENE_NFV	483
SampleD	GENE_NGB	7007
SampleD	GENE_NGO	158
SampleD	GENE_NGR	366
SampleD	GENE_NHK	3
SampleD	GENE_NHM	149
SampleD	GENE_NIA	148
SampleD	GENE_NIK	2
SampleD	GENE_NIZ	408
SampleD	GENE_NJG	2
SampleD	GENE_NJK	5585
SampleD	GENE_NJM	225
SampleD	GENE_NKT	1
SampleD	GENE_NKZ	2
SampleD	GENE_NOQ	183
SampleD	GENE_NPQ	371
SampleD	GENE_NQG	1
SampleD	GENE_NRX	202
SampleD	GENE_NSO	1
SampleD	GENE_NTB	4266
SampleD	GENE_NTY	194
SampleD	GENE_NVA	2
SampleD	GENE_NVD	9686
SampleD	GENE_NVE	154
SampleD	GENE_NVU	3
SampleD	GENE_NWY	121
SampleD	GENE_NXG	2
SampleD	GENE_NXI	1
SampleD	GENE_NYH	6194
SampleD	GENE_NYW	2
SampleD	GENE_NZH	206
SampleD	GENE_NZJ	83130
SampleD	GENE_OCH	327
SampleD	GENE_OFP	1
SampleD	GENE_OFV	1
SampleD	GENE_OGW	146
SampleD	GENE_OGY	7094
SampleD	GENE_OIG	3
SampleD	GENE_OIZ	356
SampleD	GENE_OJD	3
SampleD	GENE_OKN	391
SampleD	GENE_OMD	162
SampleD	GENE_OME	9240
SampleD	GENE_OMF	5524
SampleD	GENE_ONG	428
SampleD	GENE_ONL	55525
SampleD	GENE_ONQ	3
SampleD	GENE_OQB	2
SampleD	GENE_ORA	1
SampleD	GENE_OSW	3
SampleD	GENE_OTE	142
SampleD	GENE_OTJ	464
SampleD	GENE_OTX	133
SampleD	GENE_OUN	362
SampleD	GENE_OVX	2
SampleD	GENE_OVY	2
SampleD	GENE_OYF	440
SampleD	GENE_OYH	380
SampleD	GENE_OYS	188
SampleD	GENE_OZC	9912
SampleD	GENE_OZK	2
SampleD	GENE_PAH	7130
SampleD	GENE_PCM	545
SampleD	GENE_PDN	7256
SampleD	GENE_PDU	228
SampleD	GENE_PDY	2
SampleD	GENE_PFN	2
SampleD	GENE_PGD	8128
SampleD	GENE_PHA	138
SampleD	GENE_PHS	405
SampleD	GENE_PHT	3
SampleD	GENE_PJO	3
SampleD	GENE_PJU	271
SampleD	GENE_PKN	64084
SampleD	GENE_PNA	2
SampleD	GENE_PNB	335
SampleD	GENE_PNO	453
SampleD	GENE_POB	7549
SampleD	GENE_POZ	126
SampleD	GENE_PQG	2
SampleD	GENE_PRW	2
SampleD	GENE_PSY	1
SampleD	GENE_PTM	266
SampleD	GENE_PTW	458
SampleD	GENE_PUR	356
SampleD	GENE_PVK	157
SampleD	GENE_PVS	429
SampleD	GENE_PVW	1
SampleD	GENE_PYT	1
SampleD	GENE_PZS	1
SampleD	GENE_QAN	276
SampleD	GENE_QCH	143
SampleD	GENE_QEA	57379
SampleD	GENE_QEI	438
SampleD	GENE_QEN	334
SampleD	GENE_QEX	311
SampleD	GENE_QEY	2
SampleD	GENE_QFI	176
SampleD	GENE_QFX	2
SampleD	GENE_QGP	4
SampleD	GENE_QHD	6515
SampleD	GENE_QHF	466
SampleD	GENE_QJS	298
SampleD	GENE_QJZ	3
SampleD	GENE_QKC	2
SampleD	GENE_QKI	1
SampleD	GENE_QLX	518
SampleD	GENE_QMK	1
SampleD	GENE_QMX	131
SampleD	GENE_QMY	501
SampleD	GENE_QNT	389
SampleD	GENE_QOM	1
SampleD	GENE_QOR	2
SampleD	GENE_QPJ	216
SampleD	GENE_QSN	1
SampleD	GENE_QTF	5608
SampleD	GENE_QTI	1
SampleD	GENE_QWB	413
SampleD	GENE_QWH	291
SampleD	GENE_QYB	151
SampleD	GENE_QYV	146
SampleD	GENE_RBD	140
SampleD	GENE_RBG	3
SampleD	GENE_RBO	3
SampleD	GENE_RDM	3
SampleD	GENE_RDQ	1
SampleD	GENE_RET	2
SampleD	GENE_RFA	2
SampleD	GENE_RFS	112
SampleD	GENE_RJM	517
SampleD	GENE_RKA	167
SampleD	GENE_RKZ	1
SampleD	GENE_RLG	186
SampleD	GENE_RMY	150
SampleD	GENE_RNH	2
SampleD	GENE_RNO	3
SampleD	GENE_RNS	1
SampleD	GENE_ROC	2
SampleD	GENE_RPG	117
SampleD	GENE_RQY	1
SampleD	GENE_RSK	112
SampleD	GENE_RTE	74013
SampleD	GENE_RUL	2
SampleD	GENE_RUX	128
SampleD	GENE_RVN	3
SampleD	GENE_RWF	3
SampleD	GENE_RWI	4650
SampleD	GENE_RYM	244
SampleD	GENE_RYW	192
SampleD	GENE_RYZ	2
SampleD	GENE_RZN	151
SampleD	GENE_SCK	130
SampleD	GENE_SCO	176
SampleD	GENE_SDR	3808
SampleD	GENE_SDT	2
SampleD	GENE_SEN	160
SampleD	GENE_SGO	1
SampleD	GENE_SHN	149
SampleD	GENE_SJB	178
SampleD	GENE_SJH	186
SampleD	GENE_SKE	3
SampleD	GENE_SLQ	4
SampleD	GENE_SLZ	122
SampleD	GENE_SMF	1
SampleD	GENE_SML	114
SampleD	GENE_SNR	172
SampleD	GENE_SOT	2
SampleD	GENE_SQB	358
SampleD	GENE_SQX	3
SampleD	GENE_SQZ	265
SampleD	GENE_SUP	1
SampleD	GENE_SWD	3
SampleD	GENE_SWQ	6809
SampleD	GENE_SXL	2
SampleD	GENE_SXR	2
SampleD	GENE_SYT	3
SampleD	GENE_SZA	8057
SampleD	GENE_SZK	168
SampleD	GENE_SZN	5961
SampleD	GENE_TAZ	90717
SampleD	GENE_TBE	2
SampleD	GENE_TDI	9346
SampleD	GENE_TDU	391
SampleD	GENE_TGF	2
SampleD	GENE_TGM	173
SampleD	GENE_TGN	4145
SampleD	GENE_TGU	267
SampleD	GENE_THQ	128
SampleD	GENE_THY	2
SampleD	GENE_TIX	426
SampleD	GENE_TJI	128
SampleD	GENE_TJN	1
SampleD	GENE_TLC	132
SampleD	GENE_TLV	530
SampleD	GENE_TLZ	3
SampleD	GENE_TMS	1
SampleD	GENE_TMW	1
SampleD	GENE_TNI	114
SampleD	GENE_TOF	505
SampleD	GENE_TON	1
SampleD	GENE_TPY	1
SampleD	GENE_TSJ	1
SampleD	GENE_TUW	2
SampleD	GENE_TVJ	492
SampleD	GENE_TVO	373
SampleD	GENE_TXP	1
SampleD	GENE_TYP	3
SampleD	GENE_TZC	3
SampleD	GENE_UAZ	474
SampleD	GENE_UCB	1
SampleD	GENE_UCD	332
SampleD	GENE_UCK	255
SampleD	GENE_UCW	379
SampleD	GENE_UDJ	1
SampleD	GENE_UDR	1
SampleD	GENE_UDW	472
SampleD	GENE_UDZ	257
SampleD	GENE_UEG	2
SampleD	GENE_UEQ	1
SampleD	GENE_UEW	1
SampleD	GENE_UGX	1
SampleD	GENE_UHB	313
SampleD	GENE_UIB	391
SampleD	GENE_UIW	223
SampleD	GENE_UIY	253
SampleD	GENE_UJB	403
SampleD	GENE_UJM	542
SampleD	GENE_UKO	246
SampleD	GENE_UKZ	501
SampleD	GENE_ULX	234
SampleD	GENE_UNQ	1
SampleD	GENE_UNS	3
SampleD	GENE_UNV	1
SampleD	GENE_UNW	5332
SampleD	GENE_UOM	114
SampleD	GENE_UPO	113
SampleD	GENE_UQK	2
SampleD	GENE_UQT	124
SampleD	GENE_URI	185
SampleD	GENE_USD	525
SampleD	GENE_UTC	1
SampleD	GENE_UTH	535
SampleD	GENE_UTI	86864
SampleD	GENE_UTR	275
SampleD	GENE_UTS	188
SampleD	GENE_UTZ	3
SampleD	GENE_UWH	5462
SampleD	GENE_UWV	443
SampleD	GENE_UZO	5862
SampleD	GENE_UZY	112
SampleD	GENE_VBS	1
SampleD	GENE_VCA	492
SampleD	GENE_VDF	385
SampleD	GENE_VEL	124
SampleD	GENE_VEO	116
SampleD	GENE_VFB	1
SampleD	GENE_VFK	250
SampleD	GENE_VFQ	283
SampleD	GENE_VGD	2
SampleD	GENE_VGS	118
SampleD	GENE_VGZ	3789
SampleD	GENE_VHC	1
SampleD	GENE_VHU	1
SampleD	GENE_VIX	190
SampleD	GENE_VJF	502
SampleD	GENE_VJT	461
SampleD	GENE_VMA	3
SampleD	GENE_VNB	3
SampleD	GENE_VNF	60621
SampleD	GENE_VNM	2
SampleD	GENE_VNP	526
SampleD	GENE_VOH	2
SampleD	GENE_VOX	2
SampleD	GENE_VPF	1
SampleD	GENE_VPJ	1
SampleD	GENE_VPO	3
SampleD	GENE_VQR	361
SampleD	GENE_VQU	1
SampleD	GENE_VRL	420
SampleD	GENE_VRP	172
SampleD	GENE_VRS	1
SampleD	GENE_VSP	274
SampleD	GENE_VTI	1
SampleD	GENE_VUM	3
SampleD	GENE_VUN	2
SampleD	GENE_VUQ	175
SampleD	GENE_VUZ	113
SampleD	GENE_VWR	1
SampleD	GENE_VXE	135
SampleD	GENE_VXL	2
SampleD	GENE_VZI	176
SampleD	GENE_VZK	241
SampleD	GENE_VZO	222
SampleD	GENE_WBI	1
SampleD	GENE_WCQ	3
SampleD	GENE_WDP	477
SampleD	GENE_WDV	1
SampleD	GENE_WEG	8340
SampleD	GENE_WGL	247
SampleD	GENE_WIX	382
SampleD	GENE_WJK	1
SampleD	GENE_WKZ	2
SampleD	GENE_WLC	2
SampleD	GENE_WLF	3
SampleD	GENE_WLM	1
SampleD	GENE_WMJ	1
SampleD	GENE_WNE	56352
SampleD	GENE_WOA	8124
SampleD	GENE_WOY	1
SampleD	GENE_WOZ	8274
SampleD	GENE_WPB	2
SampleD	GENE_WPJ	302
SampleD	GENE_WRZ	397
SampleD	GENE_WSM	336
SampleD	GENE_WTF	7239
SampleD	GENE_WTJ	4455
SampleD	GENE_WTP	1
SampleD	GENE_WUM	2
SampleD	GENE_WUQ	162
SampleD	GENE_WVI	1
SampleD	GENE_WXB	208
SampleD	GENE_WXC	437
SampleD	GENE_WYF	336
SampleD	GENE_WYX	184
SampleD	GENE_WZP	5475
SampleD	GENE_XAZ	495
SampleD	GENE_XBM	317
SampleD	GENE_XCB	7484
SampleD	GENE_XCT	3
SampleD	GENE_XEP	240
SampleD	GENE_XFB	5361
SampleD	GENE_XFD	2
SampleD	GENE_XIC	2
SampleD	GENE_XJM	2
SampleD	GENE_XKC	425
SampleD	GENE_XKJ	1
SampleD	GENE_XLD	534
SampleD	GENE_XMK	253
SampleD	GENE_XNG	259
SampleD	GENE_XNS	412
SampleD	GENE_XPD	336
SampleD	GENE_XQS	3
SampleD	GENE_XRB	1
SampleD	GENE_XRL	2
SampleD	GENE_XRN	4
SampleD	GENE_XTM	134
SampleD	GENE_XUL	152
SampleD	GENE_XUY	351
SampleD	GENE_XVA	300
SampleD	GENE_XVJ	192
SampleD	GENE_XVR	167
SampleD	GENE_XVZ	1
SampleD	GENE_XWR	2
SampleD	GENE_XWS	523
SampleD	GENE_XYT	46629
SampleD	GENE_XYU	123
SampleD	GENE_YBK	1
SampleD	GENE_YBN	6569
SampleD	GENE_YDH	2
SampleD	GENE_YDI	177
SampleD	GENE_YDL	3
SampleD	GENE_YER	298
SampleD	GENE_YFR	115
SampleD	GENE_YFZ	2
SampleD	GENE_YGN	323
SampleD	GENE_YGS	199
SampleD	GENE_YHL	2
SampleD	GENE_YHT	1
SampleD	GENE_YIN	2
SampleD	GENE_YIV	7516
SampleD	GENE_YJG	3
SampleD	GENE_YKL	58103
SampleD	GENE_YPQ	4500
SampleD	GENE_YQI	425968
SampleD	GENE_YQW	5552
SampleD	GENE_YRP	283
SampleD	GENE_YSR	1
SampleD	GENE_YTA	1
SampleD	GENE_YTL	131
SampleD	GENE_YTM	372
SampleD	GENE_YUK	184
SampleD	GENE_YVH	277
SampleD	GENE_YVW	8073
SampleD	GENE_YWF	120
SampleD	GENE_YWN	59545
SampleD	GENE_YWX	2
SampleD	GENE_YXF	524
SampleD	GENE_YZS	1
SampleD	GENE_YZT	165
SampleD	GENE_ZBG	5800
SampleD	GENE_ZBY	165
SampleD	GENE_ZCN	1
SampleD	GENE_ZDA	1
SampleD	GENE_ZDE	536
SampleD	GENE_ZDG	1
SampleD	GENE_ZDT	222
SampleD	GENE_ZEH	1
SampleD	GENE_ZGR	76771
SampleD	GENE_ZHM	145
SampleD	GENE_ZHQ	323
SampleD	GENE_ZIH	74048
SampleD	GENE_ZIP	368
SampleD	GENE_ZIV	1
SampleD	GENE_ZKI	1
SampleD	GENE_ZMA	296
SampleD	GENE_ZMC	196
SampleD	GENE_ZMK	140
SampleD	GENE_ZNG	9127
SampleD	GENE_ZNP	228
SampleD	GENE_ZOC	456
SampleD	GENE_ZOR	355
SampleD	GENE_ZOS	203
SampleD	GENE_ZPG	131
SampleD	GENE_ZRI	472
SampleD	GENE_ZRK	9793
SampleD	GENE_ZRN	152
SampleD	GENE_ZSM	147
SampleD	GENE_ZTE	3
SampleD	GENE_ZTI	131
SampleD	GENE_ZTQ	530
SampleD	GENE_ZVB	5611
SampleD	GENE_ZWX	3
SampleD	GENE_ZXJ	7478
SampleD	GENE_ZYG	166
SampleD	GENE_ZYV	1
SampleD	GENE_ZYW	301
SampleD	GENE_ZYX	386
SampleE	GENE_ACF	246
SampleE	GENE_ADG	4
SampleE	GENE_ADZ	1
SampleE	GENE_AFU	10413
SampleE	GENE_AFZ	47818
SampleE	GENE_AGF	3
SampleE	GENE_AHK	1
SampleE	GENE_AHU	176
SampleE	GENE_AIR	120
SampleE	GENE_AIS	1
SampleE	GENE_AJC	351
SampleE	GENE_AKM	1
SampleE	GENE_AKO	6753
SampleE	GENE_ALW	52185
SampleE	GENE_AMP	1
SampleE	GENE_ANF	371
SampleE	GENE_AQM	164
SampleE	GENE_AQV	151
SampleE	GENE_ARI	1
SampleE	GENE_ASG	317
SampleE	GENE_ASX	475
SampleE	GENE_ATP	9287
SampleE	GENE_AVR	6854
SampleE	GENE_AWT	2
SampleE	GENE_AXK	65660
SampleE	GENE_AZD	2
SampleE	GENE_AZH	1
SampleE	GENE_BAE	142
SampleE	GENE_BAK	1
SampleE	GENE_BAV	4841
SampleE	GENE_BHD	1
SampleE	GENE_BHN	172
SampleE	GENE_BHV	177
SampleE	GENE_BHX	1
SampleE	GENE_BIQ	350
SampleE	GENE_BIW	247
SampleE	GENE_BKF	318
SampleE	GENE_BKJ	1
SampleE	GENE_BLH	245
SampleE	GENE_BMQ	526
SampleE	GENE_BMZ	2
SampleE	GENE_BNJ	167
SampleE	GENE_BNP	3
SampleE	GENE_BNY	185
SampleE	GENE_BQH	4706
SampleE	GENE_BSD	154
SampleE	GENE_BSQ	2
SampleE	GENE_BXP	1
SampleE	GENE_CAM	443
SampleE	GENE_CBD	459
SampleE	GENE_CBQ	370
SampleE	GENE_CDU	7391
SampleE	GENE_CEH	2
SampleE	GENE_CET	128
SampleE	GENE_CEV	3
SampleE	GENE_CEW	4261
SampleE	GENE_CFJ	496
SampleE	GENE_CGZ	3
SampleE	GENE_CLY	206
SampleE	GENE_CMB	4
SampleE	GENE_CMK	466
SampleE	GENE_CNA	1
SampleE	GENE_CPB	2
SampleE	GENE_CPS	444
SampleE	GENE_CQV	1
SampleE	GENE_CRZ	2
SampleE	GENE_CTW	3
SampleE	GENE_CWX	3
SampleE	GENE_CYM	141
SampleE	GENE_CZT	538
SampleE	GENE_CZV	10364
SampleE	GENE_DFN	5841
SampleE	GENE_DGB	1
SampleE	GENE_DHC	4
SampleE	GENE_DHU	3
SampleE	GENE_DIX	538
SampleE	GENE_DKO	443
SampleE	GENE_DKU	3
SampleE	GENE_DLE	3
SampleE	GENE_DMJ	504
SampleE	GENE_DMY	1
SampleE	GENE_DNS	177
SampleE	GENE_DON	196
SampleE	GENE_DPL	4544
SampleE	GENE_DQC	149
SampleE	GENE_DSA	1
SampleE	GENE_DSV	1
SampleE	GENE_DTQ	1
SampleE	GENE_DUM	415
SampleE	GENE_DVN	6098
SampleE	GENE_DVQ	163
SampleE	GENE_DVX	7233
SampleE	GENE_DWI	5715
SampleE	GENE_DWQ	333
SampleE	GENE_DXM	2
SampleE	GENE_DYM	2
SampleE	GENE_DZQ	7951
SampleE	GENE_DZT	182
SampleE	GENE_EAO	10752
SampleE	GENE_EBD	3
SampleE	GENE_EBI	1
SampleE	GENE_EBP	202
SampleE	GENE_ECF	2
SampleE	GENE_ECP	1
SampleE	GENE_ECX	7576
SampleE	GENE_EDJ	151
SampleE	GENE_EDK	203
SampleE	GENE_EGT	1
SampleE	GENE_EGW	5389
SampleE	GENE_EHF	6188
SampleE	GENE_EHL	3
SampleE	GENE_EJY	405
SampleE	GENE_EKO	228
SampleE	GENE_ELB	4413
SampleE	GENE_ELR	6996
SampleE	GENE_EMH	282
SampleE	GENE_EML	1
SampleE	GENE_ENF	45962
SampleE	GENE_ENM	146
SampleE	GENE_ENQ	246
SampleE	GENE_ENR	6689
SampleE	GENE_ENW	58197
SampleE	GENE_ENZ	3
SampleE	GENE_EOA	1
SampleE	GENE_EOD	3
SampleE	GENE_EQJ	3
SampleE	GENE_EQU	538
SampleE	GENE_ERH	255
SampleE	GENE_ESD	2
SampleE	GENE_ESW	2
SampleE	GENE_EUN	6737
SampleE	GENE_EVF	181
SampleE	GENE_EVI	215
SampleE	GENE_EWA	1
SampleE	GENE_EWG	60076
SampleE	GENE_EWN	4
SampleE	GENE_EXD	6907
SampleE	GENE_EYA	234
SampleE	GENE_EZU	313
SampleE	GENE_FAS	149
SampleE	GENE_FBQ	2
SampleE	GENE_FDC	315
SampleE	GENE_FDT	75894
SampleE	GENE_FEJ	1
SampleE	GENE_FGE	163
SampleE	GENE_FGM	1
SampleE	GENE_FGN	438
SampleE	GENE_FHD	204
SampleE	GENE_FHE	526
SampleE	GENE_FHQ	1
SampleE	GENE_FHZ	1
SampleE	GENE_FJC	7386
SampleE	GENE_FKA	491
SampleE	GENE_FLM	1
SampleE	GENE_FMK	8392
SampleE	GENE_FNI	112
SampleE	GENE_FNS	10102
SampleE	GENE_FNZ	2
SampleE	GENE_FPD	537
SampleE	GENE_FPR	147
SampleE	GENE_FQI	1
SampleE	GENE_FQM	49952
SampleE	GENE_FRC	2
SampleE	GENE_FRP	2
SampleE	GENE_FSE	4
SampleE	GENE_FSQ	2
SampleE	GENE_FTQ	3
SampleE	GENE_FTX	51021
SampleE	GENE_FUT	1
SampleE	GENE_FVM	2
SampleE	GENE_FYK	1
SampleE	GENE_FYN	3
SampleE	GENE_GAM	209
SampleE	GENE_GDU	1
SampleE	GENE_GED	311
SampleE	GENE_GEJ	62509
SampleE	GENE_GEL	5784
SampleE	GENE_GFA	1
SampleE	GENE_GFH	10437
SampleE	GENE_GFZ	4157
SampleE	GENE_GHD	358
SampleE	GENE_GIQ	548
SampleE	GENE_GKT	3
SampleE	GENE_GLT	140
SampleE	GENE_GLY	431
SampleE	GENE_GMN	3809
SampleE	GENE_GMY	214
SampleE	GENE_GNE	3
SampleE	GENE_GOC	1
SampleE	GENE_GPB	197
SampleE	GENE_GPI	2
SampleE	GENE_GPN	1
SampleE	GENE_GQT	10070
SampleE	GENE_GRA	46823
SampleE	GENE_GSF	1
SampleE	GENE_GTD	310
SampleE	GENE_GVA	6127
SampleE	GENE_GWE	3
SampleE	GENE_GWH	3
SampleE	GENE_GWN	4964
SampleE	GENE_GWV	3
SampleE	GENE_GXK	482
SampleE	GENE_HAU	3
SampleE	GENE_HAZ	7755
SampleE	GENE_HBC	5765
SampleE	GENE_HBE	129
SampleE	GENE_HBG	1
SampleE	GENE_HBS	246
SampleE	GENE_HCP	148
SampleE	GENE_HET	5429
SampleE	GENE_HFB	4109
SampleE	GENE_HFO	1
SampleE	GENE_HGA	332
SampleE	GENE_HGK	2
SampleE	GENE_HKE	2
SampleE	GENE_HLK	243
SampleE	GENE_HLS	2
SampleE	GENE_HLW	2
SampleE	GENE_HMD	77011
SampleE	GENE_HMO	248
SampleE	GENE_HMP	127
SampleE	GENE_HPL	1
SampleE	GENE_HQG	191
SampleE	GENE_HQM	117
SampleE	GENE_HQN	3945
SampleE	GENE_HRO	4367
SampleE	GENE_HSK	170
SampleE	GENE_HTA	2
SampleE	GENE_HTK	2
SampleE	GENE_HTV	7118
SampleE	GENE_HTZ	3
SampleE	GENE_HUB	1
SampleE	GENE_HUP	116
SampleE	GENE_HUR	494
SampleE	GENE_HVM	1
SampleE	GENE_HWM	2
SampleE	GENE_HWU	218
SampleE	GENE_IBE	54181
SampleE	GENE_ICG	116
SampleE	GENE_ICM	198
SampleE	GENE_IDC	155
SampleE	GENE_IEB	318
SampleE	GENE_IEY	7050
SampleE	GENE_IFQ	1
SampleE	GENE_IFW	4192
SampleE	GENE_IGL	1
SampleE	GENE_IGO	2
SampleE	GENE_IJT	284
SampleE	GENE_IJY	2
SampleE	GENE_IML	220
SampleE	GENE_IMO	1
SampleE	GENE_IMQ	439
SampleE	GENE_INK	186
SampleE	GENE_INV	3
SampleE	GENE_IRU	434
SampleE	GENE_IRX	323
SampleE	GENE_ISJ	135
SampleE	GENE_ISL	2
SampleE	GENE_ITW	2
SampleE	GENE_IUC	7288
SampleE	GENE_IVB	1
SampleE	GENE_IVN	415
SampleE	GENE_IXH	231
SampleE	GENE_IXQ	1
SampleE	GENE_IYP	3793
SampleE	GENE_IZL	2
SampleE	GENE_IZT	209
SampleE	GENE_JAW	2
SampleE	GENE_JBE	160
SampleE	GENE_JCE	505
SampleE	GENE_JCM	422
SampleE	GENE_JCZ	184
SampleE	GENE_JDG	1
SampleE	GENE_JDR	1
SampleE	GENE_JEG	183
SampleE	GENE_JFU	184
SampleE	GENE_JFZ	450
SampleE	GENE_JGY	6091
SampleE	GENE_JHP	1
SampleE	GENE_JKH	7996
SampleE	GENE_JKU	1
SampleE	GENE_JLT	345
SampleE	GENE_JLX	170
SampleE	GENE_JNF	152
SampleE	GENE_JPA	488
SampleE	GENE_JPX	329
SampleE	GENE_JQC	93619
SampleE	GENE_JQH	2
SampleE	GENE_JRF	266
SampleE	GENE_JSM	418
SampleE	GENE_JUD	2
SampleE	GENE_JUR	222
SampleE	GENE_JUS	188
SampleE	GENE_JVO	180
SampleE	GENE_JVX	349
SampleE	GENE_JWV	277
SampleE	GENE_JXE	5054
SampleE	GENE_JXP	449
SampleE	GENE_JYC	4469
SampleE	GENE_JYO	1
SampleE	GENE_JZM	263
SampleE	GENE_KBI	1
SampleE	GENE_KBW	1
SampleE	GENE_KCM	5729
SampleE	GENE_KCT	7244
SampleE	GENE_KEA	143
SampleE	GENE_KGX	2
SampleE	GENE_KHD	540
SampleE	GENE_KHE	1
SampleE	GENE_KIF	2
SampleE	GENE_KJG	4889
SampleE	GENE_KJS	216
SampleE	GENE_KLC	227
SampleE	GENE_KMB	443
SampleE	GENE_KNR	9074
SampleE	GENE_KOM	1
SampleE	GENE_KOR	7386
SampleE	GENE_KPH	1
SampleE	GENE_KQO	1
SampleE	GENE_KRA	2
SampleE	GENE_KRJ	1
SampleE	GENE_KST	513
SampleE	GENE_KTE	7773
SampleE	GENE_KTF	1
SampleE	GENE_KTX	421
SampleE	GENE_KTY	9513
SampleE	GENE_KUY	222
SampleE	GENE_KVR	272
SampleE	GENE_KVU	111
SampleE	GENE_KWH	406
SampleE	GENE_KWM	326
SampleE	GENE_KXA	7030
SampleE	GENE_KXD	481077
SampleE	GENE_KXV	322
SampleE	GENE_KYD	1
SampleE	GENE_KYR	259
SampleE	GENE_KZR	1
SampleE	GENE_LBW	3
SampleE	GENE_LCA	389
SampleE	GENE_LCV	1
SampleE	GENE_LDH	468
SampleE	GENE_LDS	470
SampleE	GENE_LEA	4287
SampleE	GENE_LGR	471
SampleE	GENE_LGS	110
SampleE	GENE_LHC	3
SampleE	GENE_LHW	147
SampleE	GENE_LIA	1
SampleE	GENE_LIM	329
SampleE	GENE_LJA	331
SampleE	GENE_LJM	2
SampleE	GENE_LMA	217
SampleE	GENE_LNS	6529
SampleE	GENE_LPZ	142
SampleE	GENE_LQB	254
SampleE	GENE_LQR	1
SampleE	GENE_LQT	4
SampleE	GENE_LQV	479
SampleE	GENE_LSD	2
SampleE	GENE_LSM	2
SampleE	GENE_LTF	10847
SampleE	GENE_LUB	262
SampleE	GENE_LUE	3
SampleE	GENE_LUH	2
SampleE	GENE_LUK	3
SampleE	GENE_LVD	2
SampleE	GENE_LYS	2
SampleE	GENE_LZC	8677
SampleE	GENE_LZD	1
SampleE	GENE_MAG	514357
SampleE	GENE_MAK	4858
SampleE	GENE_MBJ	111
SampleE	GENE_MBU	154
SampleE	GENE_MDC	2
SampleE	GENE_MFH	430
SampleE	GENE_MFP	3
SampleE	GENE_MGT	3
SampleE	GENE_MIZ	10769
SampleE	GENE_MJO	4382
SampleE	GENE_MJP	112
SampleE	GENE_MJY	479
SampleE	GENE_MKU	3
SampleE	GENE_MLI	78119
SampleE	GENE_MNQ	302973
SampleE	GENE_MNR	55268
SampleE	GENE_MQU	464
SampleE	GENE_MRD	189
SampleE	GENE_MRI	75455
SampleE	GENE_MRY	1
SampleE	GENE_MSP	301
SampleE	GENE_MUP	129
SampleE	GENE_MVF	197
SampleE	GENE_MVO	128
SampleE	GENE_MWO	454
SampleE	GENE_MXI	143
SampleE	GENE_MXO	1
SampleE	GENE_MYA	5803
SampleE	GENE_MYZ	9562
SampleE	GENE_NAL	2
SampleE	GENE_NAP	9783
SampleE	GENE_NBA	1
SampleE	GENE_NBZ	1
SampleE	GENE_NEV	1
SampleE	GENE_NEY	1
SampleE	GENE_NFJ	1892661
SampleE	GENE_NGB	6609
SampleE	GENE_NGO	172
SampleE	GENE_NGR	2
SampleE	GENE_NHM	157
SampleE	GENE_NIK	260
SampleE	GENE_NJG	305
SampleE	GENE_NJH	3
SampleE	GENE_NJK	547
SampleE	GENE_NJM	4
SampleE	GENE_NKL	5485
SampleE	GENE_NKZ	2
SampleE	GENE_NMS	2
SampleE	GENE_NMW	1
SampleE	GENE_NOB	2
SampleE	GENE_NOQ	3
SampleE	GENE_NPQ	203
SampleE	GENE_NQT	8036
SampleE	GENE_NRP	1
SampleE	GENE_NRX	1
SampleE	GENE_NSM	1
SampleE	GENE_NSO	2
SampleE	GENE_NTB	313
SampleE	GENE_NUF	2
SampleE	GENE_NVE	283
SampleE	GENE_NWA	350
SampleE	GENE_NWY	45470
SampleE	GENE_NXI	138
SampleE	GENE_NZJ	119
SampleE	GENE_ODA	376007
SampleE	GENE_ODH	167
SampleE	GENE_OFV	2
SampleE	GENE_OGW	212
SampleE	GENE_OGY	398
SampleE	GENE_OJU	145
SampleE	GENE_OMF	110
SampleE	GENE_ONL	382
SampleE	GENE_ONQ	413
SampleE	GENE_ONX	1
SampleE	GENE_OPW	247
SampleE	GENE_OQB	3
SampleE	GENE_ORA	313
SampleE	GENE_ORW	1
SampleE	GENE_ORX	286
SampleE	GENE_ORZ	182
SampleE	GENE_OSM	329
SampleE	GENE_OSW	5559
SampleE	GENE_OTE	301
SampleE	GENE_OTV	508
SampleE	GENE_OTZ	130
SampleE	GENE_OUN	6667
SampleE	GENE_OVA	119
SampleE	GENE_OVQ	498
SampleE	GENE_OWI	205
SampleE	GENE_OYF	1
SampleE	GENE_OYH	1
SampleE	GENE_PAH	200
SampleE	GENE_PAL	513
SampleE	GENE_PBD	1
SampleE	GENE_PCI	190
SampleE	GENE_PCM	10680
SampleE	GENE_PED	1
SampleE	GENE_PEX	1
SampleE	GENE_PGZ	8519
SampleE	GENE_PHG	2
SampleE	GENE_PHT	2
SampleE	GENE_PIU	326
SampleE	GENE_PJO	352
SampleE	GENE_PJU	76431
SampleE	GENE_PKT	2
SampleE	GENE_PLJ	2
SampleE	GENE_PNR	146
SampleE	GENE_POB	429
SampleE	GENE_POZ	2
SampleE	GENE_PQX	6684
SampleE	GENE_PSN	192
SampleE	GENE_PTW	4362
SampleE	GENE_PUR	3
SampleE	GENE_PVI	1
SampleE	GENE_PVK	63575
SampleE	GENE_PVS	326
SampleE	GENE_PVT	502
SampleE	GENE_PVW	1
SampleE	GENE_PXD	6861
SampleE	GENE_PYD	2
SampleE	GENE_PYI	3
SampleE	GENE_PYT	4410
SampleE	GENE_PYZ	2
SampleE	GENE_PZX	187
SampleE	GENE_QBN	182
SampleE	GENE_QCH	240
SampleE	GENE_QDM	7932
SampleE	GENE_QEW	47870
SampleE	GENE_QEY	1
SampleE	GENE_QFM	275
SampleE	GENE_QGT	81679
SampleE	GENE_QGX	4
SampleE	GENE_QHW	6149
SampleE	GENE_QIB	2
SampleE	GENE_QIG	153
SampleE	GENE_QIV	260
SampleE	GENE_QJD	2
SampleE	GENE_QJV	2
SampleE	GENE_QJZ	59538
SampleE	GENE_QKI	3
SampleE	GENE_QLX	292
SampleE	GENE_QMK	5586
SampleE	GENE_QMX	216
SampleE	GENE_QNT	87123
SampleE	GENE_QOG	212
SampleE	GENE_QPB	6552
SampleE	GENE_QPX	198
SampleE	GENE_QSN	359
SampleE	GENE_QTF	1
SampleE	GENE_QTH	50301
SampleE	GENE_QTI	1
SampleE	GENE_QUA	4865
SampleE	GENE_QVB	1
SampleE	GENE_QWB	221
SampleE	GENE_QWI	151
SampleE	GENE_QYV	367
SampleE	GENE_QZC	457
SampleE	GENE_QZD	214
SampleE	GENE_RBO	422
SampleE	GENE_RDB	1
SampleE	GENE_RDM	242
SampleE	GENE_RDP	191
SampleE	GENE_RDU	4649
SampleE	GENE_RFA	453
SampleE	GENE_RFS	1
SampleE	GENE_RGS	144
SampleE	GENE_RGU	2
SampleE	GENE_RIJ	346
SampleE	GENE_RJB	438
SampleE	GENE_RJE	1
SampleE	GENE_RKA	3
SampleE	GENE_RLC	2
SampleE	GENE_RLG	118
SampleE	GENE_RLU	4
SampleE	GENE_RLY	1
SampleE	GENE_RMS	152
SampleE	GENE_RNH	1
SampleE	GENE_RNM	256
SampleE	GENE_RNS	4073
SampleE	GENE_RNU	4857
SampleE	GENE_ROD	231
SampleE	GENE_ROY	136
SampleE	GENE_RPG	7373
SampleE	GENE_RVN	9804
SampleE	GENE_RWD	3
SampleE	GENE_RWI	350
SampleE	GENE_RYI	1
SampleE	GENE_RYM	219
SampleE	GENE_RYU	4716
SampleE	GENE_RYW	2
SampleE	GENE_RZN	124
SampleE	GENE_RZX	177
SampleE	GENE_SAL	2
SampleE	GENE_SAU	2
SampleE	GENE_SCA	381
SampleE	GENE_SCK	2
SampleE	GENE_SDI	8038
SampleE	GENE_SDR	1
SampleE	GENE_SDZ	248
SampleE	GENE_SEB	65775
SampleE	GENE_SEN	3
SampleE	GENE_SHF	1
SampleE	GENE_SHN	546
SampleE	GENE_SJB	252
SampleE	GENE_SKU	349
SampleE	GENE_SLZ	481
SampleE	GENE_SMF	1
SampleE	GENE_SML	1
SampleE	GENE_SNL	223
SampleE	GENE_SNR	9792
SampleE	GENE_SNW	218
SampleE	GENE_SOT	3
SampleE	GENE_SPJ	3
SampleE	GENE_SQB	3
SampleE	GENE_SQW	2
SampleE	GENE_SQX	65036
SampleE	GENE_SRC	1
SampleE	GENE_STD	1
SampleE	GENE_STY	1
SampleE	GENE_SVN	401
SampleE	GENE_SWL	484
SampleE	GENE_SXL	7060
SampleE	GENE_SYT	59862
SampleE	GENE_SZK	244
SampleE	GENE_SZL	345
SampleE	GENE_TBE	1
SampleE	GENE_TDI	1
SampleE	GENE_TGJ	282
SampleE	GENE_TGN	163
SampleE	GENE_THB	481
SampleE	GENE_TIR	157
SampleE	GENE_TJH	122
SampleE	GENE_TKL	141
SampleE	GENE_TLS	4338
SampleE	GENE_TNB	135
SampleE	GENE_TOF	163
SampleE	GENE_TON	1
SampleE	GENE_TOW	3
SampleE	GENE_TPY	10372
SampleE	GENE_TQK	1
SampleE	GENE_TRH	155
SampleE	GENE_TVJ	367
SampleE	GENE_TWJ	243
SampleE	GENE_TXQ	153
SampleE	GENE_TZC	115
SampleE	GENE_TZH	9529
SampleE	GENE_UAW	2
SampleE	GENE_UAZ	3
SampleE	GENE_UBI	379
SampleE	GENE_UBJ	2
SampleE	GENE_UBT	505
SampleE	GENE_UCD	265
SampleE	GENE_UEG	171
SampleE	GENE_UEQ	74471
SampleE	GENE_UES	436
SampleE	GENE_UET	2
SampleE	GENE_UEW	394
SampleE	GENE_UEX	1
SampleE	GENE_UGT	408
SampleE	GENE_UHJ	387
SampleE	GENE_UHR	380
SampleE	GENE_UIS	3
SampleE	GENE_UIW	131
SampleE	GENE_UJB	5165
SampleE	GENE_UJM	156
SampleE	GENE_UKJ	1
SampleE	GENE_UKO	6256
SampleE	GENE_ULX	226
SampleE	GENE_ULY	479
SampleE	GENE_UML	259
SampleE	GENE_UNG	286
SampleE	GENE_UNV	1
SampleE	GENE_UNW	2
SampleE	GENE_UPO	1
SampleE	GENE_UQT	3
SampleE	GENE_URI	3802
SampleE	GENE_UTC	1
SampleE	GENE_UWV	239
SampleE	GENE_UXJ	1
SampleE	GENE_UZL	522
SampleE	GENE_UZV	8395
SampleE	GENE_VBO	126
SampleE	GENE_VBU	1
SampleE	GENE_VCA	157
SampleE	GENE_VCK	75457
SampleE	GENE_VDI	246
SampleE	GENE_VEU	445
SampleE	GENE_VFB	3
SampleE	GENE_VGD	71966
SampleE	GENE_VGS	1
SampleE	GENE_VGZ	335
SampleE	GENE_VHA	543
SampleE	GENE_VHS	507
SampleE	GENE_VHT	181
SampleE	GENE_VHU	399
SampleE	GENE_VJU	6043
SampleE	GENE_VNF	533
SampleE	GENE_VNP	3
SampleE	GENE_VOH	164
SampleE	GENE_VOX	7198
SampleE	GENE_VPO	6175
SampleE	GENE_VQN	2
SampleE	GENE_VRS	3
SampleE	GENE_VSP	480
SampleE	GENE_VTK	345
SampleE	GENE_VUE	5182
SampleE	GENE_VUM	433
SampleE	GENE_VUQ	2
SampleE	GENE_VUZ	10082
SampleE	GENE_VWR	110
SampleE	GENE_VXE	4937
SampleE	GENE_VXL	2
SampleE	GENE_VYP	3
SampleE	GENE_VYX	172
SampleE	GENE_WBI	5306
SampleE	GENE_WCQ	126
SampleE	GENE_WDJ	1
SampleE	GENE_WDT	146
SampleE	GENE_WFK	2
SampleE	GENE_WFS	265
SampleE	GENE_WFU	375
SampleE	GENE_WGV	395
SampleE	GENE_WIY	252
SampleE	GENE_WJD	263
SampleE	GENE_WKI	1
SampleE	GENE_WLM	137
SampleE	GENE_WMP	462
SampleE	GENE_WNE	479
SampleE	GENE_WOA	141
SampleE	GENE_WOI	1
SampleE	GENE_WOY	6488
SampleE	GENE_WOZ	9307
SampleE	GENE_WPB	1
SampleE	GENE_WPD	2
SampleE	GENE_WPJ	157
SampleE	GENE_WRH	308
SampleE	GENE_WTF	185
SampleE	GENE_WTH	3
SampleE	GENE_WTJ	2
SampleE	GENE_WTP	1
SampleE	GENE_WTS	320
SampleE	GENE_WUL	8724
SampleE	GENE_WUM	2
SampleE	GENE_WUQ	1
SampleE	GENE_WUX	223
SampleE	GENE_WXC	2
SampleE	GENE_WXJ	1
SampleE	GENE_WXO	375
SampleE	GENE_WYM	1
SampleE	GENE_WZP	10007
SampleE	GENE_XAZ	126
SampleE	GENE_XBM	180
SampleE	GENE_XCB	1
SampleE	GENE_XCT	3
SampleE	GENE_XFB	3
SampleE	GENE_XFZ	375
SampleE	GENE_XHK	1
SampleE	GENE_XHL	156
SampleE	GENE_XHY	541
SampleE	GENE_XIM	5294
SampleE	GENE_XJC	201
SampleE	GENE_XJM	4
SampleE	GENE_XJP	180
SampleE	GENE_XKC	180
SampleE	GENE_XLN	1
SampleE	GENE_XMK	1
SampleE	GENE_XNG	205
SampleE	GENE_XOL	1
SampleE	GENE_XPD	7511
SampleE	GENE_XPG	333
SampleE	GENE_XPR	199
SampleE	GENE_XRB	340
SampleE	GENE_XRC	4619
SampleE	GENE_XTN	1
SampleE	GENE_XUL	3
SampleE	GENE_XUP	1
SampleE	GENE_XVJ	400
SampleE	GENE_XWR	4176
SampleE	GENE_XWS	436
SampleE	GENE_YBF	2
SampleE	GENE_YBK	1
SampleE	GENE_YBN	2
SampleE	GENE_YFQ	2
SampleE	GENE_YFX	380
SampleE	GENE_YHT	217
SampleE	GENE_YIZ	4
SampleE	GENE_YMN	217
SampleE	GENE_YMO	1
SampleE	GENE_YOI	287
SampleE	GENE_YOW	1
SampleE	GENE_YQX	6316
SampleE	GENE_YRJ	545
SampleE	GENE_YRP	208
SampleE	GENE_YRX	2
SampleE	GENE_YTM	73496
SampleE	GENE_YUK	1
SampleE	GENE_YUN	2
SampleE	GENE_YWN	286
SampleE	GENE_YWP	198
SampleE	GENE_YXK	475
SampleE	GENE_YZA	411
SampleE	GENE_YZS	7202
SampleE	GENE_ZAE	1
SampleE	GENE_ZBG	2
SampleE	GENE_ZBT	349
SampleE	GENE_ZCI	2
SampleE	GENE_ZCN	2
SampleE	GENE_ZDE	1
SampleE	GENE_ZDJ	228
SampleE	GENE_ZFJ	7719
SampleE	GENE_ZFQ	60711
SampleE	GENE_ZGH	3
SampleE	GENE_ZGR	181
SampleE	GENE_ZHQ	392
SampleE	GENE_ZIH	1
SampleE	GENE_ZIP	4391
SampleE	GENE_ZIV	167
SampleE	GENE_ZJD	3
SampleE	GENE_ZKC	203
SampleE	GENE_ZKM	6794
SampleE	GENE_ZKO	4406
SampleE	GENE_ZLI	164
SampleE	GENE_ZMC	3
SampleE	GENE_ZMG	3
SampleE	GENE_ZMH	1
SampleE	GENE_ZMW	10028
SampleE	GENE_ZOC	526
SampleE	GENE_ZOJ	1
SampleE	GENE_ZOR	171
SampleE	GENE_ZRC	1
SampleE	GENE_ZRK	1
SampleE	GENE_ZRQ	6106
SampleE	GENE_ZSM	222
SampleE	GENE_ZTE	422
SampleE	GENE_ZTI	2
SampleE	GENE_ZVB	162
SampleE	GENE_ZXJ	2
SampleE	GENE_ZXT	3
SampleE	GENE_ZYR	268
SampleE	GENE_ZYX	257
